,timestamp,mcap,symbol,date,week,type,time_rank
6,1610236800000,23789558136.59055,tether,2021-01-10,1,Fiat collateralized,1.0
13,1610841600000,24315907744.20519,tether,2021-01-17,2,Fiat collateralized,1.0
20,1611446400000,24747246253.755672,tether,2021-01-24,3,Fiat collateralized,1.0
27,1612051200000,26260606337.887398,tether,2021-01-31,4,Fiat collateralized,1.0
34,1612656000000,28318232688.704037,tether,2021-02-07,5,Fiat collateralized,1.0
41,1613260800000,31539493807.170025,tether,2021-02-14,6,Fiat collateralized,1.0
48,1613865600000,34371952648.25752,tether,2021-02-21,7,Fiat collateralized,1.0
55,1614470400000,35019017695.772484,tether,2021-02-28,8,Fiat collateralized,1.0
62,1615075200000,36505130743.97144,tether,2021-03-07,9,Fiat collateralized,1.0
69,1615680000000,38311238719.403534,tether,2021-03-14,10,Fiat collateralized,1.0
76,1616284800000,39691193064.47697,tether,2021-03-21,11,Fiat collateralized,1.0
83,1616889600000,40515567103.37723,tether,2021-03-28,12,Fiat collateralized,1.0
90,1617494400000,42448788685.50856,tether,2021-04-04,13,Fiat collateralized,1.0
97,1618099200000,44559427154.3627,tether,2021-04-11,14,Fiat collateralized,1.0
104,1618704000000,47980429555.13232,tether,2021-04-18,15,Fiat collateralized,1.0
111,1619308800000,49501156852.96325,tether,2021-04-25,16,Fiat collateralized,1.0
118,1619913600000,51679435029.64995,tether,2021-05-02,17,Fiat collateralized,1.0
125,1620518400000,55472173385.97693,tether,2021-05-09,18,Fiat collateralized,1.0
132,1621123200000,58377161526.95669,tether,2021-05-16,19,Fiat collateralized,1.0
139,1621728000000,59767412543.60663,tether,2021-05-23,20,Fiat collateralized,1.0
146,1622332800000,61416977214.08549,tether,2021-05-30,21,Fiat collateralized,1.0
153,1622937600000,62319635037.66653,tether,2021-06-06,22,Fiat collateralized,1.0
160,1623542400000,63041668654.45564,tether,2021-06-13,23,Fiat collateralized,1.0
167,1624147200000,63022640616.29419,tether,2021-06-20,24,Fiat collateralized,1.0
174,1624752000000,63630251952.029495,tether,2021-06-27,25,Fiat collateralized,1.0
177,1625011200000,62662681797.322105,tether,2021-06-30,26,Fiat collateralized,1.0
184,1610236800000,4756435704.08813,usd-coin,2021-01-10,1,Fiat collateralized,1.0
191,1610841600000,5042504749.588362,usd-coin,2021-01-17,2,Fiat collateralized,1.0
198,1611446400000,5594771753.147792,usd-coin,2021-01-24,3,Fiat collateralized,1.0
205,1612051200000,5835791902.409501,usd-coin,2021-01-31,4,Fiat collateralized,1.0
212,1612656000000,6433917491.041055,usd-coin,2021-02-07,5,Fiat collateralized,1.0
219,1613260800000,7190053397.070977,usd-coin,2021-02-14,6,Fiat collateralized,1.0
226,1613865600000,7733340119.667788,usd-coin,2021-02-21,7,Fiat collateralized,1.0
233,1614470400000,8973026510.162157,usd-coin,2021-02-28,8,Fiat collateralized,1.0
240,1615075200000,9032233273.946411,usd-coin,2021-03-07,9,Fiat collateralized,1.0
247,1615680000000,9441975283.504192,usd-coin,2021-03-14,10,Fiat collateralized,1.0
254,1616284800000,10047460400.69455,usd-coin,2021-03-21,11,Fiat collateralized,1.0
261,1616889600000,10899687714.941328,usd-coin,2021-03-28,12,Fiat collateralized,1.0
268,1617494400000,10814220927.238144,usd-coin,2021-04-04,13,Fiat collateralized,1.0
275,1618099200000,11185465356.753798,usd-coin,2021-04-11,14,Fiat collateralized,1.0
282,1618704000000,12314666876.613438,usd-coin,2021-04-18,15,Fiat collateralized,1.0
289,1619308800000,13527497524.34261,usd-coin,2021-04-25,16,Fiat collateralized,1.0
296,1619913600000,14711500830.430014,usd-coin,2021-05-02,17,Fiat collateralized,1.0
303,1620518400000,15411075861.345764,usd-coin,2021-05-09,18,Fiat collateralized,1.0
310,1621123200000,16506100925.92158,usd-coin,2021-05-16,19,Fiat collateralized,1.0
317,1621728000000,19863377445.61387,usd-coin,2021-05-23,20,Fiat collateralized,1.0
324,1622332800000,22197384368.265133,usd-coin,2021-05-30,21,Fiat collateralized,1.0
331,1622937600000,22938639641.36945,usd-coin,2021-06-06,22,Fiat collateralized,1.0
338,1623542400000,23644275383.88617,usd-coin,2021-06-13,23,Fiat collateralized,1.0
345,1624147200000,24345717744.88539,usd-coin,2021-06-20,24,Fiat collateralized,1.0
352,1624752000000,25845805610.519325,usd-coin,2021-06-27,25,Fiat collateralized,1.0
355,1625011200000,25227093820.818592,usd-coin,2021-06-30,26,Fiat collateralized,1.0
362,1610236800000,1154920715.360031,binance-usd,2021-01-10,1,Fiat collateralized,1.0
369,1610841600000,1139267260.9253752,binance-usd,2021-01-17,2,Fiat collateralized,1.0
376,1611446400000,1185327711.156742,binance-usd,2021-01-24,3,Fiat collateralized,1.0
383,1612051200000,1480151225.4501123,binance-usd,2021-01-31,4,Fiat collateralized,1.0
390,1612656000000,1555564090.6543913,binance-usd,2021-02-07,5,Fiat collateralized,1.0
397,1613260800000,1726022598.1181014,binance-usd,2021-02-14,6,Fiat collateralized,1.0
404,1613865600000,2158446785.023412,binance-usd,2021-02-21,7,Fiat collateralized,1.0
411,1614470400000,2344524967.404699,binance-usd,2021-02-28,8,Fiat collateralized,1.0
418,1615075200000,3234571273.024554,binance-usd,2021-03-07,9,Fiat collateralized,1.0
425,1615680000000,3180309843.7512107,binance-usd,2021-03-14,10,Fiat collateralized,1.0
432,1616284800000,3247247756.3818693,binance-usd,2021-03-21,11,Fiat collateralized,1.0
439,1616889600000,3450746653.224064,binance-usd,2021-03-28,12,Fiat collateralized,1.0
446,1617494400000,3960702205.426729,binance-usd,2021-04-04,13,Fiat collateralized,1.0
453,1618099200000,4940286244.029109,binance-usd,2021-04-11,14,Fiat collateralized,1.0
460,1618704000000,6266189341.394537,binance-usd,2021-04-18,15,Fiat collateralized,1.0
467,1619308800000,6965788897.33724,binance-usd,2021-04-25,16,Fiat collateralized,1.0
474,1619913600000,7591063703.340136,binance-usd,2021-05-02,17,Fiat collateralized,1.0
481,1620518400000,7889021246.857267,binance-usd,2021-05-09,18,Fiat collateralized,1.0
488,1621123200000,7903129358.913668,binance-usd,2021-05-16,19,Fiat collateralized,1.0
495,1621728000000,8556058416.39211,binance-usd,2021-05-23,20,Fiat collateralized,1.0
502,1622332800000,8725923347.71598,binance-usd,2021-05-30,21,Fiat collateralized,1.0
509,1622937600000,9547280746.22331,binance-usd,2021-06-06,22,Fiat collateralized,1.0
516,1623542400000,9608886182.02075,binance-usd,2021-06-13,23,Fiat collateralized,1.0
523,1624147200000,9450555131.30389,binance-usd,2021-06-20,24,Fiat collateralized,1.0
530,1624752000000,9991813551.429531,binance-usd,2021-06-27,25,Fiat collateralized,1.0
533,1625011200000,10127602879.34495,binance-usd,2021-06-30,26,Fiat collateralized,1.0
540,1610236800000,1414793449.8798046,dai,2021-01-10,1,Algo-stable,1.0
547,1610841600000,1369636167.329546,dai,2021-01-17,2,Algo-stable,1.0
554,1611446400000,1462161633.9612231,dai,2021-01-24,3,Algo-stable,1.0
561,1612051200000,1647927265.5241134,dai,2021-01-31,4,Algo-stable,1.0
568,1612656000000,1826607594.8766413,dai,2021-02-07,5,Algo-stable,1.0
575,1613260800000,2070809897.8159215,dai,2021-02-14,6,Algo-stable,1.0
582,1613865600000,2357690695.9594536,dai,2021-02-21,7,Algo-stable,1.0
589,1614470400000,2322934279.657661,dai,2021-02-28,8,Algo-stable,1.0
596,1615075200000,2582625204.3606725,dai,2021-03-07,9,Algo-stable,1.0
603,1615680000000,2746532427.275141,dai,2021-03-14,10,Algo-stable,1.0
610,1616284800000,2872010682.937947,dai,2021-03-21,11,Algo-stable,1.0
617,1616889600000,2976048951.5623884,dai,2021-03-28,12,Algo-stable,1.0
624,1617494400000,3060622618.296052,dai,2021-04-04,13,Algo-stable,1.0
631,1618099200000,3113531052.3369594,dai,2021-04-11,14,Algo-stable,1.0
638,1618704000000,3438662610.477456,dai,2021-04-18,15,Algo-stable,1.0
645,1619308800000,3444318493.603753,dai,2021-04-25,16,Algo-stable,1.0
652,1619913600000,3730505347.695495,dai,2021-05-02,17,Algo-stable,1.0
659,1620518400000,4408086615.273289,dai,2021-05-09,18,Algo-stable,1.0
666,1621123200000,4620179232.772255,dai,2021-05-16,19,Algo-stable,1.0
673,1621728000000,4234575002.529474,dai,2021-05-23,20,Algo-stable,1.0
680,1622332800000,4495174823.405457,dai,2021-05-30,21,Algo-stable,1.0
687,1622937600000,4556323041.059765,dai,2021-06-06,22,Algo-stable,1.0
694,1623542400000,4977173325.70748,dai,2021-06-13,23,Algo-stable,1.0
701,1624147200000,5035611924.716657,dai,2021-06-20,24,Algo-stable,1.0
708,1624752000000,4921970207.584548,dai,2021-06-27,25,Algo-stable,1.0
711,1625011200000,4960778697.887193,dai,2021-06-30,26,Algo-stable,1.0
718,1610236800000,184841885.5772077,terrausd,2021-01-10,1,Algo-stable,1.0
725,1610841600000,195924960.9501921,terrausd,2021-01-17,2,Algo-stable,1.0
732,1611446400000,224052092.07177,terrausd,2021-01-24,3,Algo-stable,1.0
739,1612051200000,268897724.4496784,terrausd,2021-01-31,4,Algo-stable,1.0
746,1612656000000,260286059.3248464,terrausd,2021-02-07,5,Algo-stable,1.0
753,1613260800000,396505375.0777917,terrausd,2021-02-14,6,Algo-stable,1.0
760,1613865600000,538886197.6212016,terrausd,2021-02-21,7,Algo-stable,1.0
767,1614470400000,674569399.9735565,terrausd,2021-02-28,8,Algo-stable,1.0
774,1615075200000,774838573.474066,terrausd,2021-03-07,9,Algo-stable,1.0
781,1615680000000,1006013913.6777875,terrausd,2021-03-14,10,Algo-stable,1.0
788,1616284800000,1303211668.206262,terrausd,2021-03-21,11,Algo-stable,1.0
795,1616889600000,1512990094.512172,terrausd,2021-03-28,12,Algo-stable,1.0
802,1617494400000,1672554747.775079,terrausd,2021-04-04,13,Algo-stable,1.0
809,1618099200000,1759890255.139928,terrausd,2021-04-11,14,Algo-stable,1.0
816,1618704000000,1788020223.466444,terrausd,2021-04-18,15,Algo-stable,1.0
823,1619308800000,1850753698.8411524,terrausd,2021-04-25,16,Algo-stable,1.0
830,1619913600000,1983076788.336593,terrausd,2021-05-02,17,Algo-stable,1.0
837,1620518400000,2039881802.6188552,terrausd,2021-05-09,18,Algo-stable,1.0
844,1621123200000,2071971554.139456,terrausd,2021-05-16,19,Algo-stable,1.0
851,1621728000000,2054588720.9289715,terrausd,2021-05-23,20,Algo-stable,1.0
858,1622332800000,1971208637.6313727,terrausd,2021-05-30,21,Algo-stable,1.0
865,1622937600000,1926330756.1184528,terrausd,2021-06-06,22,Algo-stable,1.0
872,1623542400000,1908764285.5695724,terrausd,2021-06-13,23,Algo-stable,1.0
879,1624147200000,1919250506.2826104,terrausd,2021-06-20,24,Algo-stable,1.0
886,1624752000000,1912205211.2122307,terrausd,2021-06-27,25,Algo-stable,1.0
889,1625011200000,1909731950.659836,terrausd,2021-06-30,26,Algo-stable,1.0
896,1610236800000,307769392.8141616,true-usd,2021-01-10,1,Fiat collateralized,1.0
903,1610841600000,378463839.6417233,true-usd,2021-01-17,2,Fiat collateralized,1.0
910,1611446400000,414523679.03203046,true-usd,2021-01-24,3,Fiat collateralized,1.0
917,1612051200000,398417044.1829588,true-usd,2021-01-31,4,Fiat collateralized,1.0
924,1612656000000,374004610.0016053,true-usd,2021-02-07,5,Fiat collateralized,1.0
931,1613260800000,368977483.1876435,true-usd,2021-02-14,6,Fiat collateralized,1.0
938,1613865600000,311853487.4109061,true-usd,2021-02-21,7,Fiat collateralized,1.0
945,1614470400000,340182552.1496698,true-usd,2021-02-28,8,Fiat collateralized,1.0
952,1615075200000,293818632.1446336,true-usd,2021-03-07,9,Fiat collateralized,1.0
959,1615680000000,298484562.8080818,true-usd,2021-03-14,10,Fiat collateralized,1.0
966,1616284800000,299858664.2867342,true-usd,2021-03-21,11,Fiat collateralized,1.0
973,1616889600000,328222186.0215645,true-usd,2021-03-28,12,Fiat collateralized,1.0
980,1617494400000,317033380.4238861,true-usd,2021-04-04,13,Fiat collateralized,1.0
987,1618099200000,288892416.1826875,true-usd,2021-04-11,14,Fiat collateralized,1.0
994,1618704000000,322408572.69315004,true-usd,2021-04-18,15,Fiat collateralized,1.0
1001,1619308800000,304317831.4866706,true-usd,2021-04-25,16,Fiat collateralized,1.0
1008,1619913600000,623886246.9939212,true-usd,2021-05-02,17,Fiat collateralized,1.0
1015,1620518400000,1029616943.6975904,true-usd,2021-05-09,18,Fiat collateralized,1.0
1022,1621123200000,1179846812.09277,true-usd,2021-05-16,19,Fiat collateralized,1.0
1029,1621728000000,1237847072.2281775,true-usd,2021-05-23,20,Fiat collateralized,1.0
1036,1622332800000,1288686824.3114038,true-usd,2021-05-30,21,Fiat collateralized,1.0
1043,1622937600000,1460220784.7378447,true-usd,2021-06-06,22,Fiat collateralized,1.0
1050,1623542400000,1441872116.981703,true-usd,2021-06-13,23,Fiat collateralized,1.0
1057,1624147200000,1425361279.3784034,true-usd,2021-06-20,24,Fiat collateralized,1.0
1064,1624752000000,1434886812.4661798,true-usd,2021-06-27,25,Fiat collateralized,1.0
1067,1625011200000,1496905704.2703676,true-usd,2021-06-30,26,Fiat collateralized,1.0
1074,1610236800000,490993779.5483811,paxos-standard,2021-01-10,1,Fiat collateralized,1.0
1081,1610841600000,464201129.24705184,paxos-standard,2021-01-17,2,Fiat collateralized,1.0
1088,1611446400000,572703539.8056988,paxos-standard,2021-01-24,3,Fiat collateralized,1.0
1095,1612051200000,649642244.1378124,paxos-standard,2021-01-31,4,Fiat collateralized,1.0
1102,1612656000000,671000699.504712,paxos-standard,2021-02-07,5,Fiat collateralized,1.0
1109,1613260800000,713398301.6692861,paxos-standard,2021-02-14,6,Fiat collateralized,1.0
1116,1613865600000,737909956.2101383,paxos-standard,2021-02-21,7,Fiat collateralized,1.0
1123,1614470400000,883331281.6267767,paxos-standard,2021-02-28,8,Fiat collateralized,1.0
1130,1615075200000,869428940.7417351,paxos-standard,2021-03-07,9,Fiat collateralized,1.0
1137,1615680000000,733254663.8411223,paxos-standard,2021-03-14,10,Fiat collateralized,1.0
1144,1616284800000,800242645.9836609,paxos-standard,2021-03-21,11,Fiat collateralized,1.0
1151,1616889600000,888970914.497208,paxos-standard,2021-03-28,12,Fiat collateralized,1.0
1158,1617494400000,982360327.6618588,paxos-standard,2021-04-04,13,Fiat collateralized,1.0
1165,1618099200000,911007592.868326,paxos-standard,2021-04-11,14,Fiat collateralized,1.0
1172,1618704000000,1045640873.6464463,paxos-standard,2021-04-18,15,Fiat collateralized,1.0
1179,1619308800000,1117688959.8257449,paxos-standard,2021-04-25,16,Fiat collateralized,1.0
1186,1619913600000,1194178062.6228597,paxos-standard,2021-05-02,17,Fiat collateralized,1.0
1193,1620518400000,1173752073.4613323,paxos-standard,2021-05-09,18,Fiat collateralized,1.0
1200,1621123200000,1233760586.8056347,paxos-standard,2021-05-16,19,Fiat collateralized,1.0
1207,1621728000000,1418072508.639731,paxos-standard,2021-05-23,20,Fiat collateralized,1.0
1214,1622332800000,1274367187.7340858,paxos-standard,2021-05-30,21,Fiat collateralized,1.0
1221,1622937600000,1127021418.4696126,paxos-standard,2021-06-06,22,Fiat collateralized,1.0
1228,1623542400000,984255546.5500004,paxos-standard,2021-06-13,23,Fiat collateralized,1.0
1235,1624147200000,793337389.8318396,paxos-standard,2021-06-20,24,Fiat collateralized,1.0
1242,1624752000000,881034878.8216375,paxos-standard,2021-06-27,25,Fiat collateralized,1.0
1245,1625011200000,836424933.4313104,paxos-standard,2021-06-30,26,Fiat collateralized,1.0
1252,1618099200000,274756754.0660317,liquity-usd,2021-04-11,14,Algo-stable,1.0
1259,1618704000000,555234823.1523194,liquity-usd,2021-04-18,15,Algo-stable,1.0
1266,1619308800000,1457434181.80424,liquity-usd,2021-04-25,16,Algo-stable,1.0
1273,1619913600000,1476117093.6551795,liquity-usd,2021-05-02,17,Algo-stable,1.0
1280,1620518400000,1516684360.1008625,liquity-usd,2021-05-09,18,Algo-stable,1.0
1287,1621123200000,1524098319.8387852,liquity-usd,2021-05-16,19,Algo-stable,1.0
1294,1621728000000,638225837.1532586,liquity-usd,2021-05-23,20,Algo-stable,1.0
1301,1622332800000,723721414.0670351,liquity-usd,2021-05-30,21,Algo-stable,1.0
1308,1622937600000,775506420.4253289,liquity-usd,2021-06-06,22,Algo-stable,1.0
1315,1623542400000,791049353.5783081,liquity-usd,2021-06-13,23,Algo-stable,1.0
1322,1624147200000,786208670.530525,liquity-usd,2021-06-20,24,Algo-stable,1.0
1329,1624752000000,745907904.5081483,liquity-usd,2021-06-27,25,Algo-stable,1.0
1332,1625011200000,748358611.6009072,liquity-usd,2021-06-30,26,Algo-stable,1.0
1339,1610236800000,312520237.2624331,husd,2021-01-10,1,Fiat collateralized,1.0
1346,1610841600000,268920834.81515986,husd,2021-01-17,2,Fiat collateralized,1.0
1353,1611446400000,368291317.2621654,husd,2021-01-24,3,Fiat collateralized,1.0
1360,1612051200000,453647700.2472536,husd,2021-01-31,4,Fiat collateralized,1.0
1367,1612656000000,469463893.9728191,husd,2021-02-07,5,Fiat collateralized,1.0
1374,1613260800000,515351322.3018108,husd,2021-02-14,6,Fiat collateralized,1.0
1381,1613865600000,549281128.0319201,husd,2021-02-21,7,Fiat collateralized,1.0
1388,1614470400000,708931902.6586891,husd,2021-02-28,8,Fiat collateralized,1.0
1395,1615075200000,681815803.269705,husd,2021-03-07,9,Fiat collateralized,1.0
1402,1615680000000,529572848.1507714,husd,2021-03-14,10,Fiat collateralized,1.0
1409,1616284800000,611211716.6424844,husd,2021-03-21,11,Fiat collateralized,1.0
1416,1616889600000,722090726.9727727,husd,2021-03-28,12,Fiat collateralized,1.0
1423,1617494400000,793919376.9729849,husd,2021-04-04,13,Fiat collateralized,1.0
1430,1618099200000,726159168.5542015,husd,2021-04-11,14,Fiat collateralized,1.0
1437,1618704000000,866465323.0343575,husd,2021-04-18,15,Fiat collateralized,1.0
1444,1619308800000,893624270.8937331,husd,2021-04-25,16,Fiat collateralized,1.0
1451,1619913600000,824425959.5547504,husd,2021-05-02,17,Fiat collateralized,1.0
1458,1620518400000,807856754.7849417,husd,2021-05-09,18,Fiat collateralized,1.0
1465,1621123200000,855032422.065986,husd,2021-05-16,19,Fiat collateralized,1.0
1472,1621728000000,1000637992.6814044,husd,2021-05-23,20,Fiat collateralized,1.0
1479,1622332800000,894259985.2233071,husd,2021-05-30,21,Fiat collateralized,1.0
1486,1622937600000,778256478.6642162,husd,2021-06-06,22,Fiat collateralized,1.0
1493,1623542400000,735779082.2888744,husd,2021-06-13,23,Fiat collateralized,1.0
1500,1624147200000,660888271.3641287,husd,2021-06-20,24,Fiat collateralized,1.0
1507,1624752000000,632871018.661526,husd,2021-06-27,25,Fiat collateralized,1.0
1510,1625011200000,558451310.1211201,husd,2021-06-30,26,Fiat collateralized,1.0
1517,1610236800000,110081273.49731924,neutrino,2021-01-10,1,Algo-stable,1.0
1524,1610841600000,113278798.28929412,neutrino,2021-01-17,2,Algo-stable,1.0
1531,1611446400000,113064873.35910387,neutrino,2021-01-24,3,Algo-stable,1.0
1538,1612051200000,116857786.89740013,neutrino,2021-01-31,4,Algo-stable,1.0
1545,1612656000000,126919354.3100007,neutrino,2021-02-07,5,Algo-stable,1.0
1552,1613260800000,147358792.50093028,neutrino,2021-02-14,6,Algo-stable,1.0
1559,1613865600000,154167662.9195389,neutrino,2021-02-21,7,Algo-stable,1.0
1566,1614470400000,168860149.659759,neutrino,2021-02-28,8,Algo-stable,1.0
1573,1615075200000,170337210.8575159,neutrino,2021-03-07,9,Algo-stable,1.0
1580,1615680000000,177220600.96537372,neutrino,2021-03-14,10,Algo-stable,1.0
1587,1616284800000,176387241.04720217,neutrino,2021-03-21,11,Algo-stable,1.0
1594,1616889600000,211448465.9996797,neutrino,2021-03-28,12,Algo-stable,1.0
1601,1617494400000,221096630.71726224,neutrino,2021-04-04,13,Algo-stable,1.0
1608,1618099200000,244953184.57315096,neutrino,2021-04-11,14,Algo-stable,1.0
1615,1618704000000,245695290.9330684,neutrino,2021-04-18,15,Algo-stable,1.0
1622,1619308800000,249103732.26730207,neutrino,2021-04-25,16,Algo-stable,1.0
1629,1619913600000,338929687.5907344,neutrino,2021-05-02,17,Algo-stable,1.0
1636,1620518400000,397485358.6286726,neutrino,2021-05-09,18,Algo-stable,1.0
1643,1621123200000,440559114.8691344,neutrino,2021-05-16,19,Algo-stable,1.0
1650,1621728000000,422336483.4036312,neutrino,2021-05-23,20,Algo-stable,1.0
1657,1622332800000,352997692.6165646,neutrino,2021-05-30,21,Algo-stable,1.0
1664,1622937600000,349548789.9474049,neutrino,2021-06-06,22,Algo-stable,1.0
1671,1623542400000,376850801.74209416,neutrino,2021-06-13,23,Algo-stable,1.0
1678,1624147200000,386065093.684488,neutrino,2021-06-20,24,Algo-stable,1.0
1685,1624752000000,387621397.26500994,neutrino,2021-06-27,25,Algo-stable,1.0
1688,1625011200000,392071877.7450151,neutrino,2021-06-30,26,Algo-stable,1.0
1690,1617494400000,2263704737.2316623,fei-protocol,2021-04-04,13,Algo-stable,1.0
1697,1618099200000,1699380259.0273504,fei-protocol,2021-04-11,14,Algo-stable,1.0
1704,1618704000000,1535223481.559356,fei-protocol,2021-04-18,15,Algo-stable,1.0
1711,1619308800000,1742849155.2310965,fei-protocol,2021-04-25,16,Algo-stable,1.0
1718,1619913600000,980230585.0305142,fei-protocol,2021-05-02,17,Algo-stable,1.0
1725,1620518400000,1028832652.973225,fei-protocol,2021-05-09,18,Algo-stable,1.0
1732,1621123200000,982954332.532614,fei-protocol,2021-05-16,19,Algo-stable,1.0
1739,1621728000000,988359010.8679632,fei-protocol,2021-05-23,20,Algo-stable,1.0
1746,1622332800000,1015533729.6634806,fei-protocol,2021-05-30,21,Algo-stable,1.0
1753,1622937600000,1022943814.2778264,fei-protocol,2021-06-06,22,Algo-stable,1.0
1760,1623542400000,489659805.0994773,fei-protocol,2021-06-13,23,Algo-stable,1.0
1767,1624147200000,439765471.1189614,fei-protocol,2021-06-20,24,Algo-stable,1.0
1774,1624752000000,368525900.328174,fei-protocol,2021-06-27,25,Algo-stable,1.0
1777,1625011200000,363363119.9278047,fei-protocol,2021-06-30,26,Algo-stable,1.0
1780,1616284800000,0.0,alchemix-usd,2021-03-21,11,Algo-stable,1.0
1786,1616889600000,0.0,alchemix-usd,2021-03-28,12,Algo-stable,1.0
1791,1617494400000,0.0,alchemix-usd,2021-04-04,13,Algo-stable,1.0
1795,1618099200000,0.0,alchemix-usd,2021-04-11,14,Algo-stable,1.0
1802,1618704000000,0.0,alchemix-usd,2021-04-18,15,Algo-stable,1.0
1806,1619308800000,0.0,alchemix-usd,2021-04-25,16,Algo-stable,1.0
1813,1619913600000,0.0,alchemix-usd,2021-05-02,17,Algo-stable,1.0
1820,1620518400000,0.0,alchemix-usd,2021-05-09,18,Algo-stable,1.0
1826,1621123200000,0.0,alchemix-usd,2021-05-16,19,Algo-stable,1.0
1832,1621728000000,229863943.797152,alchemix-usd,2021-05-23,20,Algo-stable,1.0
1839,1622332800000,276966372.5667977,alchemix-usd,2021-05-30,21,Algo-stable,1.0
1846,1622937600000,245011613.641079,alchemix-usd,2021-06-06,22,Algo-stable,1.0
1853,1623542400000,312414921.755182,alchemix-usd,2021-06-13,23,Algo-stable,1.0
1860,1624147200000,352599449.97750074,alchemix-usd,2021-06-20,24,Algo-stable,1.0
1867,1624752000000,241840089.01246995,alchemix-usd,2021-06-27,25,Algo-stable,1.0
1870,1625011200000,233234475.2529553,alchemix-usd,2021-06-30,26,Algo-stable,1.0
1877,1610236800000,33113337.67407128,gemini-dollar,2021-01-10,1,Fiat collateralized,1.0
1884,1610841600000,33896414.65119468,gemini-dollar,2021-01-17,2,Fiat collateralized,1.0
1891,1611446400000,58330800.43141571,gemini-dollar,2021-01-24,3,Fiat collateralized,1.0
1898,1612051200000,77884696.56512445,gemini-dollar,2021-01-31,4,Fiat collateralized,1.0
1905,1612656000000,96020951.62597138,gemini-dollar,2021-02-07,5,Fiat collateralized,1.0
1912,1613260800000,104636778.09281687,gemini-dollar,2021-02-14,6,Fiat collateralized,1.0
1919,1613865600000,118899715.29850107,gemini-dollar,2021-02-21,7,Fiat collateralized,1.0
1926,1614470400000,125282864.03703251,gemini-dollar,2021-02-28,8,Fiat collateralized,1.0
1933,1615075200000,129890688.38579386,gemini-dollar,2021-03-07,9,Fiat collateralized,1.0
1940,1615680000000,123872027.46810836,gemini-dollar,2021-03-14,10,Fiat collateralized,1.0
1947,1616284800000,119790929.61212352,gemini-dollar,2021-03-21,11,Fiat collateralized,1.0
1954,1616889600000,121570039.72630426,gemini-dollar,2021-03-28,12,Fiat collateralized,1.0
1961,1617494400000,122988160.22943918,gemini-dollar,2021-04-04,13,Fiat collateralized,1.0
1968,1618099200000,129482659.10437904,gemini-dollar,2021-04-11,14,Fiat collateralized,1.0
1975,1618704000000,126198413.84004362,gemini-dollar,2021-04-18,15,Fiat collateralized,1.0
1982,1619308800000,115190578.79895568,gemini-dollar,2021-04-25,16,Fiat collateralized,1.0
1989,1619913600000,104904924.35293372,gemini-dollar,2021-05-02,17,Fiat collateralized,1.0
1996,1620518400000,87824359.54054433,gemini-dollar,2021-05-09,18,Fiat collateralized,1.0
2003,1621123200000,81906485.4396491,gemini-dollar,2021-05-16,19,Fiat collateralized,1.0
2010,1621728000000,84241027.60561463,gemini-dollar,2021-05-23,20,Fiat collateralized,1.0
2017,1622332800000,119204216.53812625,gemini-dollar,2021-05-30,21,Fiat collateralized,1.0
2024,1622937600000,146399479.53050557,gemini-dollar,2021-06-06,22,Fiat collateralized,1.0
2031,1623542400000,184164604.43716612,gemini-dollar,2021-06-13,23,Fiat collateralized,1.0
2038,1624147200000,204653606.84617668,gemini-dollar,2021-06-20,24,Fiat collateralized,1.0
2045,1624752000000,217713465.0705757,gemini-dollar,2021-06-27,25,Fiat collateralized,1.0
2048,1625011200000,225787190.64034888,gemini-dollar,2021-06-30,26,Fiat collateralized,1.0
2055,1610236800000,81233221.37442262,frax,2021-01-10,1,Algo-stable,1.0
2062,1610841600000,119990622.8461943,frax,2021-01-17,2,Algo-stable,1.0
2069,1611446400000,102916458.06947494,frax,2021-01-24,3,Algo-stable,1.0
2076,1612051200000,83567865.85525711,frax,2021-01-31,4,Algo-stable,1.0
2083,1612656000000,78568384.58138466,frax,2021-02-07,5,Algo-stable,1.0
2090,1613260800000,82003998.05150194,frax,2021-02-14,6,Algo-stable,1.0
2097,1613865600000,93277609.15463236,frax,2021-02-21,7,Algo-stable,1.0
2104,1614470400000,81964157.37917201,frax,2021-02-28,8,Algo-stable,1.0
2111,1615075200000,84561948.4414535,frax,2021-03-07,9,Algo-stable,1.0
2118,1615680000000,103953202.01124622,frax,2021-03-14,10,Algo-stable,1.0
2125,1616284800000,110429733.54882336,frax,2021-03-21,11,Algo-stable,1.0
2132,1616889600000,105518043.61118184,frax,2021-03-28,12,Algo-stable,1.0
2139,1617494400000,114786109.5544628,frax,2021-04-04,13,Algo-stable,1.0
2146,1618099200000,116679339.75709656,frax,2021-04-11,14,Algo-stable,1.0
2153,1618704000000,114563144.9297079,frax,2021-04-18,15,Algo-stable,1.0
2160,1619308800000,114527476.03234942,frax,2021-04-25,16,Algo-stable,1.0
2167,1619913600000,122176936.88139848,frax,2021-05-02,17,Algo-stable,1.0
2174,1620518400000,133454444.93710536,frax,2021-05-09,18,Algo-stable,1.0
2181,1621123200000,131258829.85188857,frax,2021-05-16,19,Algo-stable,1.0
2188,1621728000000,117066461.9646754,frax,2021-05-23,20,Algo-stable,1.0
2195,1622332800000,114008748.58227038,frax,2021-05-30,21,Algo-stable,1.0
2202,1622937600000,121420993.53719796,frax,2021-06-06,22,Algo-stable,1.0
2209,1623542400000,116452978.15477528,frax,2021-06-13,23,Algo-stable,1.0
2216,1624147200000,123380446.81717949,frax,2021-06-20,24,Algo-stable,1.0
2223,1624752000000,142621259.23960018,frax,2021-06-27,25,Algo-stable,1.0
2226,1625011200000,181206642.0346383,frax,2021-06-30,26,Algo-stable,1.0
2233,1610236800000,155824513.59731692,nusd,2021-01-10,1,Algo-stable,1.0
2240,1610841600000,178322556.4742527,nusd,2021-01-17,2,Algo-stable,1.0
2247,1611446400000,144109638.32631853,nusd,2021-01-24,3,Algo-stable,1.0
2254,1612051200000,167211335.54981524,nusd,2021-01-31,4,Algo-stable,1.0
2261,1612656000000,173797500.68661293,nusd,2021-02-07,5,Algo-stable,1.0
2268,1613260800000,301527022.93768346,nusd,2021-02-14,6,Algo-stable,1.0
2275,1613865600000,246532944.6957975,nusd,2021-02-21,7,Algo-stable,1.0
2282,1614470400000,222031100.0617522,nusd,2021-02-28,8,Algo-stable,1.0
2289,1615075200000,250813366.65460876,nusd,2021-03-07,9,Algo-stable,1.0
2296,1615680000000,273338868.0827275,nusd,2021-03-14,10,Algo-stable,1.0
2303,1616284800000,234779974.8841765,nusd,2021-03-21,11,Algo-stable,1.0
2310,1616889600000,218512004.93316984,nusd,2021-03-28,12,Algo-stable,1.0
2317,1617494400000,228649744.6657621,nusd,2021-04-04,13,Algo-stable,1.0
2324,1618099200000,251396117.42463583,nusd,2021-04-11,14,Algo-stable,1.0
2331,1618704000000,212466550.2864974,nusd,2021-04-18,15,Algo-stable,1.0
2338,1619308800000,218408382.1550061,nusd,2021-04-25,16,Algo-stable,1.0
2345,1619913600000,210744149.40040103,nusd,2021-05-02,17,Algo-stable,1.0
2352,1620518400000,185497035.0786381,nusd,2021-05-09,18,Algo-stable,1.0
2359,1621123200000,184177350.5268764,nusd,2021-05-16,19,Algo-stable,1.0
2366,1621728000000,233714142.00802127,nusd,2021-05-23,20,Algo-stable,1.0
2373,1622332800000,249845542.19223732,nusd,2021-05-30,21,Algo-stable,1.0
2380,1622937600000,269511124.2949922,nusd,2021-06-06,22,Algo-stable,1.0
2387,1623542400000,206718127.08768004,nusd,2021-06-13,23,Algo-stable,1.0
2394,1624147200000,185943951.28830844,nusd,2021-06-20,24,Algo-stable,1.0
2401,1624752000000,146793043.434335,nusd,2021-06-27,25,Algo-stable,1.0
2404,1625011200000,160036294.94528297,nusd,2021-06-30,26,Algo-stable,1.0
