,timestamp,mcap,symbol
0,1593561600000,9637841652.81123,tether
1,1593648000000,9639104881.168352,tether
2,1593734400000,9647929508.439756,tether
3,1593820800000,9643357747.268692,tether
4,1593907200000,9704261207.525513,tether
5,1593993600000,9708811153.072805,tether
6,1594080000000,9712908096.058014,tether
7,1594166400000,9734760495.506433,tether
8,1594252800000,9736967713.022522,tether
9,1594339200000,9783869272.830843,tether
10,1594425600000,9803667486.86557,tether
11,1594512000000,9824421803.246971,tether
12,1594598400000,9823245541.316175,tether
13,1594684800000,9848359865.882101,tether
14,1594771200000,9845335826.76726,tether
15,1594857600000,9858754628.68023,tether
16,1594944000000,9880260498.403952,tether
17,1595030400000,9880407857.120985,tether
18,1595116800000,9884364193.465317,tether
19,1595203200000,9913964260.40362,tether
20,1595289600000,9913573514.91013,tether
21,1595376000000,9921658839.98397,tether
22,1595462400000,10016213022.275948,tether
23,1595548800000,10062892351.354399,tether
24,1595635200000,10162563057.570114,tether
25,1595721600000,10213180914.176388,tether
26,1595808000000,10216671823.882736,tether
27,1595894400000,10163253369.563332,tether
28,1595980800000,10472196877.003702,tether
29,1596067200000,10617855493.5351,tether
30,1596153600000,10707864336.46751,tether
31,1596240000000,10778488966.5884,tether
32,1596326400000,10941249518.541092,tether
33,1596412800000,11062349221.834326,tether
34,1596499200000,11118634671.41413,tether
35,1596585600000,11182209134.55455,tether
36,1596672000000,11252929576.204271,tether
37,1596758400000,11334228793.937506,tether
38,1596844800000,11495140099.99963,tether
39,1596931200000,11578515768.948843,tether
40,1597017600000,11650317901.938906,tether
41,1597104000000,11698790361.505043,tether
42,1597190400000,11858746977.85641,tether
43,1597276800000,11896892578.11066,tether
44,1597363200000,12000642229.353857,tether
45,1597449600000,12238797982.615112,tether
46,1597536000000,12215059078.065254,tether
47,1597622400000,12248808990.550749,tether
48,1597708800000,12392582270.175108,tether
49,1597795200000,12603054668.447298,tether
50,1597881600000,12605339229.678223,tether
51,1597968000000,12660117156.639263,tether
52,1598054400000,12762557153.567696,tether
53,1598140800000,12812234222.111702,tether
54,1598227200000,12830042987.310995,tether
55,1598313600000,12895083175.921795,tether
56,1598400000000,12865507393.594837,tether
57,1598486400000,12858452038.926846,tether
58,1598572800000,13028548270.094753,tether
59,1598659200000,13129348616.63307,tether
60,1598745600000,13302097287.881546,tether
61,1598832000000,13324009301.44109,tether
62,1598918400000,13325296846.57462,tether
63,1599004800000,13442714263.558973,tether
64,1599091200000,13625399575.189207,tether
65,1599177600000,13682958085.891354,tether
66,1599264000000,13944291389.99023,tether
67,1599350400000,14146895238.991238,tether
68,1599436800000,14156780887.936438,tether
69,1599523200000,14155492387.098202,tether
70,1599609600000,14249894735.416224,tether
71,1599696000000,14336176672.98944,tether
72,1599782400000,14437687573.570017,tether
73,1599868800000,14583424053.573727,tether
74,1599955200000,14699656953.527794,tether
75,1600041600000,14726592942.13541,tether
76,1600128000000,14728080925.358042,tether
77,1600214400000,14927227967.75129,tether
78,1600300800000,14957143001.422548,tether
79,1600387200000,15065278641.96204,tether
80,1600473600000,15138915464.97246,tether
81,1600560000000,15212009140.544724,tether
82,1600646400000,15210458847.42293,tether
83,1600732800000,15210934526.998642,tether
84,1600819200000,15207247917.262712,tether
85,1600905600000,15239262469.186638,tether
86,1600992000000,15232006517.32858,tether
87,1601078400000,15198008748.329578,tether
88,1601164800000,15280949124.589357,tether
89,1601251200000,15354889137.337389,tether
90,1601337600000,15395506651.2522,tether
91,1601424000000,15466015671.650759,tether
92,1601510400000,15517416774.848162,tether
93,1601596800000,15506096329.968742,tether
94,1601683200000,15559126337.712967,tether
95,1601769600000,15593659413.545422,tether
96,1601856000000,15582073682.146845,tether
97,1601942400000,15613470199.424534,tether
98,1602028800000,15620630276.222883,tether
99,1602115200000,15615309939.132069,tether
100,1602201600000,15613856024.733774,tether
101,1602288000000,15629093673.391481,tether
102,1602374400000,15705291452.78418,tether
103,1602460800000,15726508389.190048,tether
104,1602547200000,15719081416.807518,tether
105,1602633600000,15749202701.244398,tether
106,1602720000000,15757276435.156536,tether
107,1602806400000,15765787578.750116,tether
108,1602892800000,15784964725.285067,tether
109,1602979200000,15818540295.024866,tether
110,1603065600000,15839841300.263016,tether
111,1603152000000,15836240611.318966,tether
112,1603238400000,15885590091.443249,tether
113,1603324800000,15988638518.268433,tether
114,1603411200000,16037428575.94278,tether
115,1603497600000,16147555998.3458,tether
116,1603584000000,16243349991.74604,tether
117,1603670400000,16280341319.822104,tether
118,1603756800000,16338115218.758928,tether
119,1603843200000,16394460871.672907,tether
120,1603929600000,16441266715.720427,tether
121,1604016000000,16516066040.110363,tether
122,1604102400000,16532183807.742128,tether
123,1604188800000,16623463029.31081,tether
124,1604275200000,16616270865.381224,tether
125,1604361600000,16660305272.041183,tether
126,1604448000000,16672806891.294357,tether
127,1604534400000,16761357255.528965,tether
128,1604620800000,16904673926.988552,tether
129,1604707200000,16997171288.753386,tether
130,1604793600000,17169790620.045872,tether
131,1604880000000,17204850806.799107,tether
132,1604966400000,17283048043.40128,tether
133,1605052800000,17296592567.49869,tether
134,1605139200000,17440423454.621002,tether
135,1605225600000,17556236317.80609,tether
136,1605312000000,17712127062.403988,tether
137,1605398400000,17860345298.663944,tether
138,1605484800000,17926838683.290417,tether
139,1605571200000,17856049825.03192,tether
140,1605657600000,17988127396.56825,tether
141,1605744000000,18029086889.28224,tether
142,1605830400000,18128126545.9258,tether
143,1605916800000,18189806446.574654,tether
144,1606003200000,18341344301.64023,tether
145,1606089600000,18423982370.798603,tether
146,1606176000000,18468867451.711082,tether
147,1606262400000,18624333606.50292,tether
148,1606348800000,18610597716.1693,tether
149,1606435200000,18979461069.235786,tether
150,1606521600000,19015542986.707096,tether
151,1606608000000,19028717336.15066,tether
152,1606694400000,19127804081.207394,tether
153,1606780800000,19100000432.3168,tether
154,1606867200000,19258843705.239826,tether
155,1606953600000,19392984903.150764,tether
156,1607040000000,19453232188.123333,tether
157,1607126400000,19616345384.530422,tether
158,1607212800000,19673710812.29813,tether
159,1607299200000,19692101876.953365,tether
160,1607385600000,19695202344.995377,tether
161,1607472000000,19756413070.60725,tether
162,1607558400000,19731593805.81443,tether
163,1607644800000,19775400467.620148,tether
164,1607731200000,19774158323.945534,tether
165,1607817600000,19799083140.566628,tether
166,1607904000000,19824289197.4036,tether
167,1607990400000,19832906051.15591,tether
168,1608076800000,19756381667.630585,tether
169,1608163200000,19757024760.13286,tether
170,1608249600000,19949736008.004436,tether
171,1608336000000,20022296286.663025,tether
172,1608422400000,20082054875.250328,tether
173,1608508800000,20363396933.75314,tether
174,1608595200000,20352568043.264217,tether
175,1608681600000,20473741651.360035,tether
176,1608768000000,20559034245.21406,tether
177,1608854400000,20588104977.862133,tether
178,1608940800000,20750908441.707695,tether
179,1609027200000,20763290844.73684,tether
180,1609113600000,20803077157.078346,tether
181,1609200000000,20856035046.27366,tether
182,1609286400000,20873380059.777878,tether
183,1609372800000,20920738588.993855,tether
184,1609459200000,20934027063.04073,tether
185,1609545600000,21123644615.38574,tether
186,1609632000000,21202977966.966965,tether
187,1609718400000,21350523809.280685,tether
188,1609804800000,21808226475.32642,tether
189,1609891200000,21938753509.124535,tether
190,1609977600000,22300090404.1088,tether
191,1610064000000,22825440973.459038,tether
192,1610150400000,23523147664.187305,tether
193,1610236800000,23789558136.59055,tether
194,1610323200000,24279872324.78446,tether
195,1610409600000,24476886629.5841,tether
196,1610496000000,24294673600.944046,tether
197,1610582400000,24337321169.826145,tether
198,1610668800000,24213693580.926777,tether
199,1610755200000,24266793529.261494,tether
200,1610841600000,24315907744.20519,tether
201,1610928000000,24325253500.348637,tether
202,1611014400000,24361784336.09795,tether
203,1611100800000,24298711592.612995,tether
204,1611187200000,24773996062.93597,tether
205,1611273600000,25008394352.59355,tether
206,1611360000000,24801327622.792286,tether
207,1611446400000,24747246253.755672,tether
208,1611532800000,24813122584.88907,tether
209,1611619200000,24943473422.73445,tether
210,1611705600000,25059561869.015553,tether
211,1611792000000,25255177033.61132,tether
212,1611878400000,25378936181.757412,tether
213,1611964800000,25228959196.063007,tether
214,1612051200000,26260606337.887394,tether
215,1612137600000,26460152363.20715,tether
216,1612224000000,26539965348.818275,tether
217,1612310400000,26737565393.607494,tether
218,1612396800000,27040294469.11286,tether
219,1612483200000,27464486048.164513,tether
220,1612569600000,27816326085.945854,tether
221,1612656000000,28318232688.704033,tether
222,1612742400000,28564384006.70739,tether
223,1612828800000,28863249466.014015,tether
224,1612915200000,29758402439.41391,tether
225,1613001600000,30256118930.225216,tether
226,1613088000000,30750705243.030983,tether
227,1613174400000,31064574294.367252,tether
228,1613260800000,31539493807.170025,tether
229,1613347200000,31950061617.476994,tether
230,1613433600000,32119872729.8971,tether
231,1613520000000,32322580880.821716,tether
232,1613606400000,32391466873.779316,tether
233,1613692800000,33157947105.034473,tether
234,1613779200000,33750136267.936314,tether
235,1613865600000,34371952648.25752,tether
236,1613952000000,34386570525.72401,tether
237,1614038400000,34756738533.76357,tether
238,1614124800000,34896050919.73742,tether
239,1614211200000,35055733490.14547,tether
240,1614297600000,34953515263.391785,tether
241,1614384000000,35297886361.616516,tether
242,1614470400000,35019017695.772484,tether
243,1614556800000,35168931968.608925,tether
244,1614643200000,35205221027.27653,tether
245,1614729600000,35648335234.61495,tether
246,1614816000000,35849578088.00556,tether
247,1614902400000,36436768966.71434,tether
248,1614988800000,36442357698.78603,tether
249,1615075200000,36505130743.971436,tether
250,1615161600000,36537451758.11312,tether
251,1615248000000,36485945568.00477,tether
252,1615334400000,36891976398.89507,tether
253,1615420800000,37294121249.33685,tether
254,1615507200000,37582370331.17996,tether
255,1615593600000,38189879216.688835,tether
256,1615680000000,38311238719.403534,tether
257,1615766400000,38391230641.18308,tether
258,1615852800000,38533359862.69341,tether
259,1615939200000,38715432782.02733,tether
260,1616025600000,38960558816.205734,tether
261,1616112000000,39026603881.10389,tether
262,1616198400000,39402122650.76657,tether
263,1616284800000,39691193064.47697,tether
264,1616371200000,39733383314.9747,tether
265,1616457600000,39779162452.00496,tether
266,1616544000000,39679592730.53306,tether
267,1616630400000,39874985485.65208,tether
268,1616716800000,40325387954.373184,tether
269,1616803200000,40289735331.71208,tether
270,1616889600000,40515567103.37723,tether
271,1616976000000,40696987500.41536,tether
272,1617062400000,40527975007.60046,tether
273,1617148800000,40730247053.68744,tether
274,1617235200000,40816914163.929474,tether
275,1617321600000,40835188151.576355,tether
276,1617408000000,41789686877.69644,tether
277,1617494400000,42448788685.50856,tether
278,1617580800000,42493963928.168076,tether
279,1617667200000,42544365000.30919,tether
280,1617753600000,43125054016.87094,tether
281,1617840000000,43178291900.996994,tether
282,1617926400000,43829500562.84908,tether
283,1618012800000,43883964992.77502,tether
284,1618099200000,44559427154.3627,tether
285,1618185600000,44446295786.07,tether
286,1618272000000,44597273098.82286,tether
287,1618358400000,45518007079.69161,tether
288,1618444800000,45928633894.53902,tether
289,1618531200000,46601536890.78333,tether
290,1618617600000,46966476338.49882,tether
291,1618704000000,47980429555.13232,tether
292,1618790400000,48440253076.1749,tether
293,1618876800000,48246126852.29021,tether
294,1618963200000,48820994300.749,tether
295,1619049600000,49176280914.27819,tether
296,1619136000000,49655032885.85445,tether
297,1619222400000,49477553574.902,tether
298,1619308800000,49501156852.96325,tether
299,1619395200000,50300761608.34373,tether
300,1619481600000,50177957598.77153,tether
301,1619568000000,50288933664.67886,tether
302,1619654400000,51109245003.48066,tether
303,1619740800000,51252930927.272285,tether
304,1619827200000,51180431595.88118,tether
305,1619913600000,51679435029.64995,tether
306,1620000000000,51994800962.15627,tether
307,1620086400000,52331138431.29154,tether
308,1620172800000,52279586920.02838,tether
309,1620259200000,53023829034.184204,tether
310,1620345600000,53739048757.24177,tether
311,1620432000000,54969338625.957596,tether
312,1620518400000,55472173385.97693,tether
313,1620604800000,55793170948.99948,tether
314,1620691200000,56104046205.3234,tether
315,1620777600000,56741107698.80232,tether
316,1620864000000,57651461403.71861,tether
317,1620950400000,57935084385.193886,tether
318,1621036800000,58027326444.74941,tether
319,1621123200000,58377161526.95669,tether
320,1621209600000,58715150844.1361,tether
321,1621296000000,58391640940.34363,tether
322,1621382400000,58284037564.00141,tether
323,1621468800000,58182230212.21091,tether
324,1621555200000,58467894310.534,tether
325,1621641600000,58629178479.0463,tether
326,1621728000000,59767412543.60663,tether
327,1621814400000,59697759251.172356,tether
328,1621900800000,59790210429.48368,tether
329,1621987200000,60307482210.61514,tether
330,1622073600000,60846903800.987366,tether
331,1622160000000,61056295404.959816,tether
332,1622246400000,61346578032.86604,tether
333,1622332800000,61416977214.08549,tether
334,1622419200000,61799686628.76984,tether
335,1622505600000,61813544731.17228,tether
336,1622592000000,62110159632.3293,tether
337,1622678400000,61905332784.33841,tether
338,1622764800000,61834495647.83147,tether
339,1622851200000,62160346215.40116,tether
340,1622937600000,62319635037.666534,tether
341,1623024000000,62589210931.38007,tether
342,1623110400000,62445503052.28378,tether
343,1623196800000,62613679392.342094,tether
344,1623283200000,62667272867.502815,tether
345,1623369600000,63018063098.887535,tether
346,1623456000000,62813263302.05801,tether
347,1623542400000,63041668654.45564,tether
348,1623628800000,62737616333.26689,tether
349,1623715200000,62843943664.46463,tether
350,1623801600000,62955531640.44513,tether
351,1623888000000,62680833589.64867,tether
352,1623974400000,62915990238.76702,tether
353,1624060800000,62781866043.7493,tether
354,1624147200000,63022640616.29419,tether
355,1624233600000,62833355064.24628,tether
356,1624320000000,62433331566.12474,tether
357,1624406400000,62958009950.42254,tether
358,1624492800000,63059140318.667175,tether
359,1624579200000,62965359730.8175,tether
360,1624665600000,62770695879.09725,tether
361,1624752000000,63630251952.029495,tether
362,1624838400000,63238142380.06459,tether
363,1624924800000,62957687636.87211,tether
364,1625011200000,62662681797.322105,tether
0,1593561600000,986360473.6334208,usd-coin
1,1593648000000,1001687047.6224031,usd-coin
2,1593734400000,998027102.5424787,usd-coin
3,1593820800000,1039334175.7074555,usd-coin
4,1593907200000,1038416511.5737238,usd-coin
5,1593993600000,1039017303.0517623,usd-coin
6,1594080000000,1046503700.3462797,usd-coin
7,1594166400000,1045241767.9151794,usd-coin
8,1594252800000,1069778242.0044993,usd-coin
9,1594339200000,1080064567.4571245,usd-coin
10,1594425600000,1100018698.5456731,usd-coin
11,1594512000000,1108808903.8666234,usd-coin
12,1594598400000,1108342350.1482303,usd-coin
13,1594684800000,1107133398.0999322,usd-coin
14,1594771200000,1100954441.8091235,usd-coin
15,1594857600000,1107994136.0053897,usd-coin
16,1594944000000,1105670919.577784,usd-coin
17,1595030400000,1105525121.1327002,usd-coin
18,1595116800000,1123580301.1853998,usd-coin
19,1595203200000,1124222591.973487,usd-coin
20,1595289600000,1109330262.801889,usd-coin
21,1595376000000,1117656662.440425,usd-coin
22,1595462400000,1117412376.3059,usd-coin
23,1595548800000,1111666685.4305582,usd-coin
24,1595635200000,1109062843.9961011,usd-coin
25,1595721600000,1106484357.6707036,usd-coin
26,1595808000000,1166058591.6456563,usd-coin
27,1595894400000,1168067160.1914525,usd-coin
28,1595980800000,1167917744.0705433,usd-coin
29,1596067200000,1165546374.2830808,usd-coin
30,1596153600000,1145335232.2984748,usd-coin
31,1596240000000,1079713381.6320226,usd-coin
32,1596326400000,1087114065.7729323,usd-coin
33,1596412800000,1097449796.9699798,usd-coin
34,1596499200000,1084969022.8676772,usd-coin
35,1596585600000,1082620640.856064,usd-coin
36,1596672000000,1080663525.1038458,usd-coin
37,1596758400000,1093371177.3314512,usd-coin
38,1596844800000,1108253404.1808832,usd-coin
39,1596931200000,1147426899.5944264,usd-coin
40,1597017600000,1146087515.7526047,usd-coin
41,1597104000000,1123043260.7744231,usd-coin
42,1597190400000,1133850753.8488352,usd-coin
43,1597276800000,1161006416.978696,usd-coin
44,1597363200000,1177494755.2865477,usd-coin
45,1597449600000,1205711262.4834569,usd-coin
46,1597536000000,1201078658.2774494,usd-coin
47,1597622400000,1202780392.5956528,usd-coin
48,1597708800000,1218933979.1021347,usd-coin
49,1597795200000,1246578444.2031455,usd-coin
50,1597881600000,1276066353.7569458,usd-coin
51,1597968000000,1308639523.728695,usd-coin
52,1598054400000,1318000930.5146458,usd-coin
53,1598140800000,1337354144.711165,usd-coin
54,1598227200000,1355621233.419084,usd-coin
55,1598313600000,1362784249.768138,usd-coin
56,1598400000000,1382944810.458472,usd-coin
57,1598486400000,1400055980.5252311,usd-coin
58,1598572800000,1425062753.358413,usd-coin
59,1598659200000,1426970999.7092268,usd-coin
60,1598745600000,1461801398.6087902,usd-coin
61,1598832000000,1474977047.6541266,usd-coin
62,1598918400000,1478076251.8016133,usd-coin
63,1599004800000,1526243028.7079127,usd-coin
64,1599091200000,1521629075.9415684,usd-coin
65,1599177600000,1585737956.6690319,usd-coin
66,1599264000000,1654937550.5016477,usd-coin
67,1599350400000,1697373902.1664443,usd-coin
68,1599436800000,1738405992.2687464,usd-coin
69,1599523200000,1770732237.4398816,usd-coin
70,1599609600000,1807864449.2229712,usd-coin
71,1599696000000,1837881410.189869,usd-coin
72,1599782400000,1851977261.2539766,usd-coin
73,1599868800000,1917867506.5807374,usd-coin
74,1599955200000,1960519721.8583548,usd-coin
75,1600041600000,1998726032.5454571,usd-coin
76,1600128000000,2019992601.2929616,usd-coin
77,1600214400000,2078905551.438918,usd-coin
78,1600300800000,2077721052.1765475,usd-coin
79,1600387200000,2108597204.2582428,usd-coin
80,1600473600000,2181447456.315563,usd-coin
81,1600560000000,2286773731.0024242,usd-coin
82,1600646400000,2348242845.909112,usd-coin
83,1600732800000,2394979222.9095354,usd-coin
84,1600819200000,2401695866.3566384,usd-coin
85,1600905600000,2447227065.351407,usd-coin
86,1600992000000,2508029494.182501,usd-coin
87,1601078400000,2510442216.441124,usd-coin
88,1601164800000,2551472974.149285,usd-coin
89,1601251200000,2602973322.6174245,usd-coin
90,1601337600000,2529880667.600386,usd-coin
91,1601424000000,2537998073.96049,usd-coin
92,1601510400000,2533716802.4001675,usd-coin
93,1601596800000,2538189510.251488,usd-coin
94,1601683200000,2596747526.7960434,usd-coin
95,1601769600000,2635139058.2203774,usd-coin
96,1601856000000,2647091929.9027305,usd-coin
97,1601942400000,2669784990.243413,usd-coin
98,1602028800000,2677147190.387536,usd-coin
99,1602115200000,2713582993.421501,usd-coin
100,1602201600000,2813795125.0234222,usd-coin
101,1602288000000,2816482258.1215577,usd-coin
102,1602374400000,2860465292.3847547,usd-coin
103,1602460800000,2862636123.8835363,usd-coin
104,1602547200000,2848010176.608114,usd-coin
105,1602633600000,2780366831.515434,usd-coin
106,1602720000000,2758342399.1525545,usd-coin
107,1602806400000,2744150812.0941772,usd-coin
108,1602892800000,2708757171.9562745,usd-coin
109,1602979200000,2712475151.749408,usd-coin
110,1603065600000,2735872028.0376205,usd-coin
111,1603152000000,2743403339.074171,usd-coin
112,1603238400000,2737764421.015868,usd-coin
113,1603324800000,2793509638.933859,usd-coin
114,1603411200000,2788502061.450738,usd-coin
115,1603497600000,2761599310.137967,usd-coin
116,1603584000000,2791642605.417038,usd-coin
117,1603670400000,2812099248.1348467,usd-coin
118,1603756800000,2780171009.456109,usd-coin
119,1603843200000,2815626165.085987,usd-coin
120,1603929600000,2845042314.1590133,usd-coin
121,1604016000000,2889448405.1759305,usd-coin
122,1604102400000,2886046069.208216,usd-coin
123,1604188800000,2937044138.621619,usd-coin
124,1604275200000,2935020080.8210106,usd-coin
125,1604361600000,2941412397.399404,usd-coin
126,1604448000000,2925280467.3561506,usd-coin
127,1604534400000,2895425436.8941345,usd-coin
128,1604620800000,2874608521.930977,usd-coin
129,1604707200000,2861131229.511066,usd-coin
130,1604793600000,2894648969.5961046,usd-coin
131,1604880000000,2885939648.0626564,usd-coin
132,1604966400000,2852111119.331225,usd-coin
133,1605052800000,2837068623.0312614,usd-coin
134,1605139200000,2837664545.069986,usd-coin
135,1605225600000,2814909576.684655,usd-coin
136,1605312000000,2814609667.091551,usd-coin
137,1605398400000,2831723901.8477345,usd-coin
138,1605484800000,2828793298.3135285,usd-coin
139,1605571200000,2833905446.6232657,usd-coin
140,1605657600000,2785897567.7697573,usd-coin
141,1605744000000,2803800472.3766093,usd-coin
142,1605830400000,2800505795.8141785,usd-coin
143,1605916800000,2814073314.116892,usd-coin
144,1606003200000,2847988467.941127,usd-coin
145,1606089600000,2877288663.70948,usd-coin
146,1606176000000,2869297041.7482777,usd-coin
147,1606262400000,2857242351.562488,usd-coin
148,1606348800000,2885506624.348203,usd-coin
149,1606435200000,2900492931.940236,usd-coin
150,1606521600000,2914579537.113164,usd-coin
151,1606608000000,2970456072.152811,usd-coin
152,1606694400000,2969654630.4998374,usd-coin
153,1606780800000,2974088272.961142,usd-coin
154,1606867200000,2986024736.745097,usd-coin
155,1606953600000,2973689219.1764083,usd-coin
156,1607040000000,2976771003.2500863,usd-coin
157,1607126400000,3024346244.112244,usd-coin
158,1607212800000,3054098687.308913,usd-coin
159,1607299200000,3082126093.0898714,usd-coin
160,1607385600000,3072555830.8456736,usd-coin
161,1607472000000,3090738841.3156295,usd-coin
162,1607558400000,3088976237.204413,usd-coin
163,1607644800000,3094211682.9142375,usd-coin
164,1607731200000,3148910616.29382,usd-coin
165,1607817600000,3221104234.934487,usd-coin
166,1607904000000,3271544009.0292277,usd-coin
167,1607990400000,3281248612.6813374,usd-coin
168,1608076800000,3287513028.6261783,usd-coin
169,1608163200000,3315561176.6921782,usd-coin
170,1608249600000,3294373041.371436,usd-coin
171,1608336000000,3298168361.1208625,usd-coin
172,1608422400000,3383803900.3553276,usd-coin
173,1608508800000,3367310807.568297,usd-coin
174,1608595200000,3354936550.195095,usd-coin
175,1608681600000,3382198127.8024282,usd-coin
176,1608768000000,3456806893.283377,usd-coin
177,1608854400000,3560032067.6825166,usd-coin
178,1608940800000,3556134257.378951,usd-coin
179,1609027200000,3567381017.3771996,usd-coin
180,1609113600000,3622545891.9992285,usd-coin
181,1609200000000,3681723725.312681,usd-coin
182,1609286400000,3731970717.6332045,usd-coin
183,1609372800000,3705248341.6775026,usd-coin
184,1609459200000,3925840105.2082787,usd-coin
185,1609545600000,4123724902.2271843,usd-coin
186,1609632000000,4128120369.150497,usd-coin
187,1609718400000,4227905606.022351,usd-coin
188,1609804800000,4254328706.9059496,usd-coin
189,1609891200000,4372477494.602853,usd-coin
190,1609977600000,4383223919.999994,usd-coin
191,1610064000000,4487166194.893721,usd-coin
192,1610150400000,4569415836.970623,usd-coin
193,1610236800000,4756435704.08813,usd-coin
194,1610323200000,4823053784.678522,usd-coin
195,1610409600000,4827132057.482812,usd-coin
196,1610496000000,4783652038.103683,usd-coin
197,1610582400000,4762603311.208288,usd-coin
198,1610668800000,4828960535.356582,usd-coin
199,1610755200000,4876847232.563923,usd-coin
200,1610841600000,5042504749.588362,usd-coin
201,1610928000000,5073254051.47403,usd-coin
202,1611014400000,5130649762.345672,usd-coin
203,1611100800000,5144419415.794786,usd-coin
204,1611187200000,5295657476.162421,usd-coin
205,1611273600000,5371877612.754116,usd-coin
206,1611360000000,5517506426.223048,usd-coin
207,1611446400000,5594771753.147792,usd-coin
208,1611532800000,5604626118.4117985,usd-coin
209,1611619200000,5538707947.677226,usd-coin
210,1611705600000,5423438351.781103,usd-coin
211,1611792000000,5500492872.854882,usd-coin
212,1611878400000,5648928084.022703,usd-coin
213,1611964800000,5838749940.04343,usd-coin
214,1612051200000,5835791902.409501,usd-coin
215,1612137600000,5890426384.544125,usd-coin
216,1612224000000,5881863611.134356,usd-coin
217,1612310400000,5950883380.064344,usd-coin
218,1612396800000,6087940607.564829,usd-coin
219,1612483200000,6178741214.817772,usd-coin
220,1612569600000,6322831601.475887,usd-coin
221,1612656000000,6433917491.041055,usd-coin
222,1612742400000,6476719261.728173,usd-coin
223,1612828800000,6517634647.082634,usd-coin
224,1612915200000,6627096518.326073,usd-coin
225,1613001600000,6763193828.535331,usd-coin
226,1613088000000,6913660759.284011,usd-coin
227,1613174400000,7027287391.27018,usd-coin
228,1613260800000,7190053397.070977,usd-coin
229,1613347200000,7433772485.924815,usd-coin
230,1613433600000,7427673930.147296,usd-coin
231,1613520000000,7456620805.750919,usd-coin
232,1613606400000,7262343574.952406,usd-coin
233,1613692800000,7346658146.765577,usd-coin
234,1613779200000,7555406943.939532,usd-coin
235,1613865600000,7733340119.667788,usd-coin
236,1613952000000,7866158100.973781,usd-coin
237,1614038400000,8032612636.103109,usd-coin
238,1614124800000,8125731411.270128,usd-coin
239,1614211200000,8404744817.241417,usd-coin
240,1614297600000,8448299264.704907,usd-coin
241,1614384000000,8885825463.25216,usd-coin
242,1614470400000,8973026510.162157,usd-coin
243,1614556800000,9003494922.920973,usd-coin
244,1614643200000,9053683777.002365,usd-coin
245,1614729600000,8959115661.788998,usd-coin
246,1614816000000,8823613106.805069,usd-coin
247,1614902400000,8902532162.51189,usd-coin
248,1614988800000,8894751158.482338,usd-coin
249,1615075200000,9032233273.946411,usd-coin
250,1615161600000,9176406818.472105,usd-coin
251,1615248000000,9145091358.233006,usd-coin
252,1615334400000,9150186674.592384,usd-coin
253,1615420800000,9201978686.7138,usd-coin
254,1615507200000,9319995199.601757,usd-coin
255,1615593600000,9346257994.862656,usd-coin
256,1615680000000,9441975283.504192,usd-coin
257,1615766400000,9410543236.68596,usd-coin
258,1615852800000,9519577208.063923,usd-coin
259,1615939200000,9518430137.64325,usd-coin
260,1616025600000,9603930632.686089,usd-coin
261,1616112000000,9735135431.104248,usd-coin
262,1616198400000,9995845147.429546,usd-coin
263,1616284800000,10047460400.69455,usd-coin
264,1616371200000,10222586940.02875,usd-coin
265,1616457600000,10262107981.295486,usd-coin
266,1616544000000,10297325819.502125,usd-coin
267,1616630400000,10378845922.447048,usd-coin
268,1616716800000,10525664762.637266,usd-coin
269,1616803200000,10839740837.13481,usd-coin
270,1616889600000,10899687714.941328,usd-coin
271,1616976000000,10989945486.61024,usd-coin
272,1617062400000,10809771379.204071,usd-coin
273,1617148800000,10903519641.173302,usd-coin
274,1617235200000,10825119295.695835,usd-coin
275,1617321600000,10874663109.108192,usd-coin
276,1617408000000,10920631184.154629,usd-coin
277,1617494400000,10814220927.238144,usd-coin
278,1617580800000,11072379392.678122,usd-coin
279,1617667200000,11039896701.066778,usd-coin
280,1617753600000,10937004459.000566,usd-coin
281,1617840000000,11025108742.871372,usd-coin
282,1617926400000,11178287475.748632,usd-coin
283,1618012800000,11219365821.476778,usd-coin
284,1618099200000,11185465356.753798,usd-coin
285,1618185600000,11280826363.906288,usd-coin
286,1618272000000,11011222093.621447,usd-coin
287,1618358400000,11159853205.401423,usd-coin
288,1618444800000,11487127274.016626,usd-coin
289,1618531200000,11602388663.572771,usd-coin
290,1618617600000,11970285414.23993,usd-coin
291,1618704000000,12314666876.613438,usd-coin
292,1618790400000,12649880206.719316,usd-coin
293,1618876800000,12763424151.920591,usd-coin
294,1618963200000,13003119763.966028,usd-coin
295,1619049600000,13084305484.786802,usd-coin
296,1619136000000,13106028086.899845,usd-coin
297,1619222400000,13264415771.202353,usd-coin
298,1619308800000,13527497524.34261,usd-coin
299,1619395200000,13667640425.663292,usd-coin
300,1619481600000,13775379892.178226,usd-coin
301,1619568000000,13879528332.317007,usd-coin
302,1619654400000,13917317509.708992,usd-coin
303,1619740800000,14603752839.431124,usd-coin
304,1619827200000,14671379802.829935,usd-coin
305,1619913600000,14711500830.430014,usd-coin
306,1620000000000,14681097408.935537,usd-coin
307,1620086400000,14645727408.757095,usd-coin
308,1620172800000,14864602401.025282,usd-coin
309,1620259200000,15078309685.526117,usd-coin
310,1620345600000,15095243417.581223,usd-coin
311,1620432000000,15175582508.939072,usd-coin
312,1620518400000,15411075861.345764,usd-coin
313,1620604800000,15685227316.528692,usd-coin
314,1620691200000,15693277010.178776,usd-coin
315,1620777600000,15739931852.9805,usd-coin
316,1620864000000,15720985268.477211,usd-coin
317,1620950400000,16040203996.556343,usd-coin
318,1621036800000,16300886623.744558,usd-coin
319,1621123200000,16506100925.921581,usd-coin
320,1621209600000,16551787203.888527,usd-coin
321,1621296000000,17010869514.355076,usd-coin
322,1621382400000,17015755724.35774,usd-coin
323,1621468800000,17448183840.274864,usd-coin
324,1621555200000,18304414336.56181,usd-coin
325,1621641600000,19503925133.622093,usd-coin
326,1621728000000,19863377445.61387,usd-coin
327,1621814400000,20479394910.453564,usd-coin
328,1621900800000,20822322852.923393,usd-coin
329,1621987200000,20894350190.067165,usd-coin
330,1622073600000,21629088335.485847,usd-coin
331,1622160000000,22028910595.869316,usd-coin
332,1622246400000,22237952997.395096,usd-coin
333,1622332800000,22197384368.265133,usd-coin
334,1622419200000,22426127684.85562,usd-coin
335,1622505600000,22704685390.73409,usd-coin
336,1622592000000,22715036496.804707,usd-coin
337,1622678400000,22759949916.48939,usd-coin
338,1622764800000,22905883547.77688,usd-coin
339,1622851200000,22915441530.569763,usd-coin
340,1622937600000,22938639641.369446,usd-coin
341,1623024000000,23073263172.950417,usd-coin
342,1623110400000,23082064115.333267,usd-coin
343,1623196800000,23200615748.52512,usd-coin
344,1623283200000,23358653521.44259,usd-coin
345,1623369600000,23237329690.439667,usd-coin
346,1623456000000,23485819485.152416,usd-coin
347,1623542400000,23644275383.88617,usd-coin
348,1623628800000,23762953484.245693,usd-coin
349,1623715200000,23860101075.233173,usd-coin
350,1623801600000,23903919117.514256,usd-coin
351,1623888000000,23802115379.662952,usd-coin
352,1623974400000,23938162355.10466,usd-coin
353,1624060800000,24316073415.70973,usd-coin
354,1624147200000,24345717744.88539,usd-coin
355,1624233600000,24520273749.06823,usd-coin
356,1624320000000,25044676393.874527,usd-coin
357,1624406400000,25217013576.67858,usd-coin
358,1624492800000,25563546984.95788,usd-coin
359,1624579200000,25536327907.691532,usd-coin
360,1624665600000,25848144731.842224,usd-coin
361,1624752000000,25845805610.519325,usd-coin
362,1624838400000,25966143374.74217,usd-coin
363,1624924800000,25325494703.804653,usd-coin
364,1625011200000,25227093820.818592,usd-coin
0,1593561600000,175309546.0909151,binance-usd
1,1593648000000,174479024.85446277,binance-usd
2,1593734400000,177699510.21550825,binance-usd
3,1593820800000,168825069.50302634,binance-usd
4,1593907200000,168667472.75541902,binance-usd
5,1593993600000,174121979.00116283,binance-usd
6,1594080000000,174348223.4017646,binance-usd
7,1594166400000,172915491.40362382,binance-usd
8,1594252800000,178781130.13708264,binance-usd
9,1594339200000,167245978.86096963,binance-usd
10,1594425600000,165775472.52299917,binance-usd
11,1594512000000,173521513.72035053,binance-usd
12,1594598400000,173495197.92129362,binance-usd
13,1594684800000,165702766.21114606,binance-usd
14,1594771200000,162506865.26283056,binance-usd
15,1594857600000,163273684.70559996,binance-usd
16,1594944000000,166877140.90930963,binance-usd
17,1595030400000,172030610.60106915,binance-usd
18,1595116800000,174497501.88838646,binance-usd
19,1595203200000,184816830.79714364,binance-usd
20,1595289600000,172769793.84162894,binance-usd
21,1595376000000,183117112.4567789,binance-usd
22,1595462400000,185252192.81328723,binance-usd
23,1595548800000,176486039.55305076,binance-usd
24,1595635200000,177697011.10841393,binance-usd
25,1595721600000,177591187.66980028,binance-usd
26,1595808000000,171712304.29315084,binance-usd
27,1595894400000,159953801.65301478,binance-usd
28,1595980800000,148171121.09472844,binance-usd
29,1596067200000,151346727.25642458,binance-usd
30,1596153600000,146879255.54634154,binance-usd
31,1596240000000,159038861.01824266,binance-usd
32,1596326400000,152225450.33066094,binance-usd
33,1596412800000,161253781.8325437,binance-usd
34,1596499200000,157319959.16886908,binance-usd
35,1596585600000,159427281.69185874,binance-usd
36,1596672000000,162843471.82053846,binance-usd
37,1596758400000,163287877.51370594,binance-usd
38,1596844800000,165299045.22946072,binance-usd
39,1596931200000,178780270.92346275,binance-usd
40,1597017600000,180206590.11883917,binance-usd
41,1597104000000,169564143.6707284,binance-usd
42,1597190400000,160620110.588205,binance-usd
43,1597276800000,173421855.38692504,binance-usd
44,1597363200000,178852818.44496483,binance-usd
45,1597449600000,192549765.6731867,binance-usd
46,1597536000000,188667659.54580417,binance-usd
47,1597622400000,188780317.54691318,binance-usd
48,1597708800000,201324029.18896633,binance-usd
49,1597795200000,208980902.91343483,binance-usd
50,1597881600000,195902196.96765292,binance-usd
51,1597968000000,201179521.9701776,binance-usd
52,1598054400000,197196181.65957603,binance-usd
53,1598140800000,203588518.1322355,binance-usd
54,1598227200000,213032086.90296412,binance-usd
55,1598313600000,204175464.18338642,binance-usd
56,1598400000000,197251745.65975264,binance-usd
57,1598486400000,195864910.63736656,binance-usd
58,1598572800000,199359634.68638873,binance-usd
59,1598659200000,196099407.63731778,binance-usd
60,1598745600000,187194594.70476076,binance-usd
61,1598832000000,187621716.34953317,binance-usd
62,1598918400000,189718525.82081968,binance-usd
63,1599004800000,184878771.52086917,binance-usd
64,1599091200000,183898347.56606674,binance-usd
65,1599177600000,186842829.2216002,binance-usd
66,1599264000000,193911320.3930957,binance-usd
67,1599350400000,192667892.1513478,binance-usd
68,1599436800000,198468422.39520943,binance-usd
69,1599523200000,200670684.1862805,binance-usd
70,1599609600000,216169637.0691001,binance-usd
71,1599696000000,255773028.09730914,binance-usd
72,1599782400000,287995656.8423263,binance-usd
73,1599868800000,296518455.85283935,binance-usd
74,1599955200000,299596004.85203016,binance-usd
75,1600041600000,308134760.35783416,binance-usd
76,1600128000000,352617124.1625651,binance-usd
77,1600214400000,372629960.6387271,binance-usd
78,1600300800000,397107803.7919433,binance-usd
79,1600387200000,392520284.6626415,binance-usd
80,1600473600000,391082908.0743413,binance-usd
81,1600560000000,401985295.23211414,binance-usd
82,1600646400000,407766080.77093744,binance-usd
83,1600732800000,406774295.5968307,binance-usd
84,1600819200000,415183412.0088645,binance-usd
85,1600905600000,436160360.3940507,binance-usd
86,1600992000000,433564564.6624505,binance-usd
87,1601078400000,455474954.5916851,binance-usd
88,1601164800000,465811652.71074796,binance-usd
89,1601251200000,479275440.5944172,binance-usd
90,1601337600000,464269239.75373447,binance-usd
91,1601424000000,476339347.33012855,binance-usd
92,1601510400000,503253765.60906786,binance-usd
93,1601596800000,518470879.2182137,binance-usd
94,1601683200000,545969083.1097757,binance-usd
95,1601769600000,555770994.1580503,binance-usd
96,1601856000000,567637458.712489,binance-usd
97,1601942400000,570746946.04349,binance-usd
98,1602028800000,590819723.1325021,binance-usd
99,1602115200000,611555180.178626,binance-usd
100,1602201600000,627812372.9798073,binance-usd
101,1602288000000,666106542.3974785,binance-usd
102,1602374400000,665737873.9729877,binance-usd
103,1602460800000,685104071.1084852,binance-usd
104,1602547200000,722117027.1608407,binance-usd
105,1602633600000,732816288.8994291,binance-usd
106,1602720000000,789766868.9819036,binance-usd
107,1602806400000,808285941.0169743,binance-usd
108,1602892800000,809876715.4091986,binance-usd
109,1602979200000,811405914.5843055,binance-usd
110,1603065600000,811477911.684859,binance-usd
111,1603152000000,799081260.7336388,binance-usd
112,1603238400000,804508471.4257761,binance-usd
113,1603324800000,791752496.7239834,binance-usd
114,1603411200000,742797844.9907701,binance-usd
115,1603497600000,737495517.1532464,binance-usd
116,1603584000000,746717730.3541006,binance-usd
117,1603670400000,756505400.7284719,binance-usd
118,1603756800000,735489861.7775909,binance-usd
119,1603843200000,730795680.1745218,binance-usd
120,1603929600000,722349229.9441139,binance-usd
121,1604016000000,717832506.1475393,binance-usd
122,1604102400000,710454432.7286689,binance-usd
123,1604188800000,710338857.1440576,binance-usd
124,1604275200000,708951249.004672,binance-usd
125,1604361600000,695849159.9759026,binance-usd
126,1604448000000,686750633.8009485,binance-usd
127,1604534400000,678289765.1282322,binance-usd
128,1604620800000,667647852.1927073,binance-usd
129,1604707200000,639700652.0041227,binance-usd
130,1604793600000,634257543.995629,binance-usd
131,1604880000000,634824823.476517,binance-usd
132,1604966400000,599946096.9859824,binance-usd
133,1605052800000,619435210.5699259,binance-usd
134,1605139200000,627716028.0016377,binance-usd
135,1605225600000,637100668.0163904,binance-usd
136,1605312000000,635495333.9797627,binance-usd
137,1605398400000,656136895.6743928,binance-usd
138,1605484800000,661499514.9126179,binance-usd
139,1605571200000,658911196.4923104,binance-usd
140,1605657600000,664922155.6176118,binance-usd
141,1605744000000,681428409.7335417,binance-usd
142,1605830400000,687164291.8904524,binance-usd
143,1605916800000,682720389.6872536,binance-usd
144,1606003200000,681691752.2278996,binance-usd
145,1606089600000,653826419.2690775,binance-usd
146,1606176000000,640046207.6068008,binance-usd
147,1606262400000,634574564.4570063,binance-usd
148,1606348800000,617846048.2550452,binance-usd
149,1606435200000,636161754.8819118,binance-usd
150,1606521600000,629411258.6968148,binance-usd
151,1606608000000,674391589.9523267,binance-usd
152,1606694400000,681574901.955297,binance-usd
153,1606780800000,691770355.9849464,binance-usd
154,1606867200000,663257619.9397646,binance-usd
155,1606953600000,671010926.9340057,binance-usd
156,1607040000000,676511235.2169194,binance-usd
157,1607126400000,691374142.7040873,binance-usd
158,1607212800000,697855632.7740409,binance-usd
159,1607299200000,702632086.694578,binance-usd
160,1607385600000,679931601.5559022,binance-usd
161,1607472000000,669447400.5590726,binance-usd
162,1607558400000,651927030.3129078,binance-usd
163,1607644800000,652595403.3026237,binance-usd
164,1607731200000,666694640.2645487,binance-usd
165,1607817600000,684202001.9242384,binance-usd
166,1607904000000,690843885.3551172,binance-usd
167,1607990400000,647227334.4292387,binance-usd
168,1608076800000,660509443.6755855,binance-usd
169,1608163200000,721144897.2357564,binance-usd
170,1608249600000,765286191.2204491,binance-usd
171,1608336000000,789648371.0411097,binance-usd
172,1608422400000,827790967.3214304,binance-usd
173,1608508800000,827791136.333716,binance-usd
174,1608595200000,799647268.5854796,binance-usd
175,1608681600000,765247243.8374609,binance-usd
176,1608768000000,754121240.0311157,binance-usd
177,1608854400000,769961427.256907,binance-usd
178,1608940800000,810686031.199248,binance-usd
179,1609027200000,820502483.7173358,binance-usd
180,1609113600000,814857607.6290497,binance-usd
181,1609200000000,812787517.2642419,binance-usd
182,1609286400000,794654882.4735645,binance-usd
183,1609372800000,896364256.403776,binance-usd
184,1609459200000,986373629.6131173,binance-usd
185,1609545600000,1075980154.198892,binance-usd
186,1609632000000,1142756599.8393857,binance-usd
187,1609718400000,1172807823.0415483,binance-usd
188,1609804800000,1053804011.6286435,binance-usd
189,1609891200000,1071861902.4001296,binance-usd
190,1609977600000,1104351826.580731,binance-usd
191,1610064000000,1096248498.927591,binance-usd
192,1610150400000,1103820738.5791154,binance-usd
193,1610236800000,1154920715.3600307,binance-usd
194,1610323200000,1164493485.327735,binance-usd
195,1610409600000,1063504274.9004745,binance-usd
196,1610496000000,1063192020.9152956,binance-usd
197,1610582400000,1073761957.8058894,binance-usd
198,1610668800000,1085089913.412358,binance-usd
199,1610755200000,1151568139.518471,binance-usd
200,1610841600000,1139267260.9253752,binance-usd
201,1610928000000,1161651336.5944273,binance-usd
202,1611014400000,1151173896.6316018,binance-usd
203,1611100800000,1143738716.17887,binance-usd
204,1611187200000,1125967957.1747212,binance-usd
205,1611273600000,1104357404.547839,binance-usd
206,1611360000000,1185353885.5445213,binance-usd
207,1611446400000,1185327711.156742,binance-usd
208,1611532800000,1223302625.2942162,binance-usd
209,1611619200000,1196893304.9448578,binance-usd
210,1611705600000,1220474649.8415172,binance-usd
211,1611792000000,1366119846.673502,binance-usd
212,1611878400000,1403149232.4172902,binance-usd
213,1611964800000,1486620807.0090504,binance-usd
214,1612051200000,1480151225.4501123,binance-usd
215,1612137600000,1475178521.5615518,binance-usd
216,1612224000000,1413199583.7095196,binance-usd
217,1612310400000,1409162859.6574006,binance-usd
218,1612396800000,1427255448.2399156,binance-usd
219,1612483200000,1460549607.0487897,binance-usd
220,1612569600000,1516958294.35816,binance-usd
221,1612656000000,1555564090.6543913,binance-usd
222,1612742400000,1545784110.0678296,binance-usd
223,1612828800000,1564492164.9784548,binance-usd
224,1612915200000,1601945734.2199728,binance-usd
225,1613001600000,1665838724.7515435,binance-usd
226,1613088000000,1680779271.9706087,binance-usd
227,1613174400000,1656680750.325068,binance-usd
228,1613260800000,1726022598.1181014,binance-usd
229,1613347200000,1742922564.0978227,binance-usd
230,1613433600000,1624617869.58082,binance-usd
231,1613520000000,1585115406.455405,binance-usd
232,1613606400000,1648820068.7635703,binance-usd
233,1613692800000,1734600087.710703,binance-usd
234,1613779200000,1954028548.102272,binance-usd
235,1613865600000,2158446785.023412,binance-usd
236,1613952000000,2190832187.411665,binance-usd
237,1614038400000,2244503088.137388,binance-usd
238,1614124800000,2143582956.6666658,binance-usd
239,1614211200000,2266352241.5394015,binance-usd
240,1614297600000,2293193194.383391,binance-usd
241,1614384000000,2331415848.444532,binance-usd
242,1614470400000,2344524967.404699,binance-usd
243,1614556800000,2360178552.0111217,binance-usd
244,1614643200000,2550248444.385857,binance-usd
245,1614729600000,2845172512.877376,binance-usd
246,1614816000000,2808384147.9066076,binance-usd
247,1614902400000,2948215954.8072963,binance-usd
248,1614988800000,3192281668.16112,binance-usd
249,1615075200000,3234571273.024554,binance-usd
250,1615161600000,3145569841.4797688,binance-usd
251,1615248000000,3001006649.310345,binance-usd
252,1615334400000,3182216057.4940677,binance-usd
253,1615420800000,3223497082.9136176,binance-usd
254,1615507200000,3129540149.1659327,binance-usd
255,1615593600000,3200791439.331064,binance-usd
256,1615680000000,3180309843.7512107,binance-usd
257,1615766400000,3136916298.944022,binance-usd
258,1615852800000,3104345861.8194103,binance-usd
259,1615939200000,3052186045.232023,binance-usd
260,1616025600000,3083791418.030388,binance-usd
261,1616112000000,3188435694.99728,binance-usd
262,1616198400000,3210406405.9430757,binance-usd
263,1616284800000,3247247756.3818693,binance-usd
264,1616371200000,3231894352.235922,binance-usd
265,1616457600000,3361922725.3803344,binance-usd
266,1616544000000,3379532049.7580795,binance-usd
267,1616630400000,3312211766.454603,binance-usd
268,1616716800000,3275482299.188344,binance-usd
269,1616803200000,3382097756.7110205,binance-usd
270,1616889600000,3450746653.224064,binance-usd
271,1616976000000,3486369720.0366325,binance-usd
272,1617062400000,3480427211.9492426,binance-usd
273,1617148800000,3584841050.976731,binance-usd
274,1617235200000,3484585591.3665586,binance-usd
275,1617321600000,3529127382.2770596,binance-usd
276,1617408000000,3830732805.8973627,binance-usd
277,1617494400000,3960702205.426729,binance-usd
278,1617580800000,4025095207.3660197,binance-usd
279,1617667200000,4083127571.9396906,binance-usd
280,1617753600000,4017847081.3568125,binance-usd
281,1617840000000,4196456980.9814777,binance-usd
282,1617926400000,4633049754.295214,binance-usd
283,1618012800000,4920191478.740002,binance-usd
284,1618099200000,4940286244.029109,binance-usd
285,1618185600000,5027032495.146404,binance-usd
286,1618272000000,5066921861.82458,binance-usd
287,1618358400000,5252038146.974948,binance-usd
288,1618444800000,5335590999.6814995,binance-usd
289,1618531200000,5538253784.714124,binance-usd
290,1618617600000,6170801286.302858,binance-usd
291,1618704000000,6266189341.394537,binance-usd
292,1618790400000,6420561913.297469,binance-usd
293,1618876800000,6650856638.922723,binance-usd
294,1618963200000,6872204116.834947,binance-usd
295,1619049600000,7238430299.323987,binance-usd
296,1619136000000,7117296332.1533165,binance-usd
297,1619222400000,6868049387.128495,binance-usd
298,1619308800000,6965788897.33724,binance-usd
299,1619395200000,7098135821.240083,binance-usd
300,1619481600000,7189989995.643484,binance-usd
301,1619568000000,7422174668.088318,binance-usd
302,1619654400000,7158584140.067721,binance-usd
303,1619740800000,7198987636.249933,binance-usd
304,1619827200000,7442627938.056779,binance-usd
305,1619913600000,7591063703.340136,binance-usd
306,1620000000000,7818540352.648139,binance-usd
307,1620086400000,7486914161.303539,binance-usd
308,1620172800000,7527540857.763039,binance-usd
309,1620259200000,7758478152.896123,binance-usd
310,1620345600000,7974418062.197754,binance-usd
311,1620432000000,7815010763.545936,binance-usd
312,1620518400000,7889021246.857267,binance-usd
313,1620604800000,7870810112.468043,binance-usd
314,1620691200000,7951599095.430522,binance-usd
315,1620777600000,7970326014.182961,binance-usd
316,1620864000000,7994390961.736535,binance-usd
317,1620950400000,7817745595.437997,binance-usd
318,1621036800000,7880064392.125417,binance-usd
319,1621123200000,7903129358.913668,binance-usd
320,1621209600000,7928575250.616248,binance-usd
321,1621296000000,7977174794.560965,binance-usd
322,1621382400000,7941128445.930326,binance-usd
323,1621468800000,7804220750.837673,binance-usd
324,1621555200000,8204677537.330106,binance-usd
325,1621641600000,8476590206.4395895,binance-usd
326,1621728000000,8556058416.39211,binance-usd
327,1621814400000,8632794188.228344,binance-usd
328,1621900800000,8629870726.929274,binance-usd
329,1621987200000,8828356478.12755,binance-usd
330,1622073600000,8936641541.334673,binance-usd
331,1622160000000,8707649468.099365,binance-usd
332,1622246400000,8947829609.291977,binance-usd
333,1622332800000,8725923347.71598,binance-usd
334,1622419200000,8593013741.788359,binance-usd
335,1622505600000,8655590410.837362,binance-usd
336,1622592000000,8763710188.669582,binance-usd
337,1622678400000,9053063362.612589,binance-usd
338,1622764800000,9325847019.565271,binance-usd
339,1622851200000,9531789385.869896,binance-usd
340,1622937600000,9547280746.22331,binance-usd
341,1623024000000,9660500489.86533,binance-usd
342,1623110400000,9535940358.901302,binance-usd
343,1623196800000,9612306383.691856,binance-usd
344,1623283200000,9492189317.490099,binance-usd
345,1623369600000,9248933442.80887,binance-usd
346,1623456000000,9606970613.388567,binance-usd
347,1623542400000,9608886182.02075,binance-usd
348,1623628800000,9609748136.296911,binance-usd
349,1623715200000,9493818928.938253,binance-usd
350,1623801600000,9477450225.999495,binance-usd
351,1623888000000,9293854277.637184,binance-usd
352,1623974400000,9301641423.542768,binance-usd
353,1624060800000,9416854433.53719,binance-usd
354,1624147200000,9450555131.30389,binance-usd
355,1624233600000,9700194906.637962,binance-usd
356,1624320000000,9800920570.00233,binance-usd
357,1624406400000,9778386035.358719,binance-usd
358,1624492800000,9727126291.187826,binance-usd
359,1624579200000,9963884743.553045,binance-usd
360,1624665600000,9939319353.361973,binance-usd
361,1624752000000,9991813551.429531,binance-usd
362,1624838400000,9976754933.390438,binance-usd
363,1624924800000,10100109888.45309,binance-usd
364,1625011200000,10127602879.34495,binance-usd
0,1593561600000,129588690.80676387,dai
1,1593648000000,148046336.0144475,dai
2,1593734400000,149186035.21665615,dai
3,1593820800000,164978171.92274067,dai
4,1593907200000,170877175.21063322,dai
5,1593993600000,176652872.08065277,dai
6,1594080000000,182138140.53510058,dai
7,1594166400000,186937930.3225952,dai
8,1594252800000,189122931.2277246,dai
9,1594339200000,189777883.17142147,dai
10,1594425600000,192464452.95129797,dai
11,1594512000000,201345310.0622044,dai
12,1594598400000,194491882.0326116,dai
13,1594684800000,198857973.3928572,dai
14,1594771200000,199399809.94038838,dai
15,1594857600000,200950738.51034832,dai
16,1594944000000,201961616.26915804,dai
17,1595030400000,210379200.86005774,dai
18,1595116800000,212167294.68489894,dai
19,1595203200000,221183785.58543697,dai
20,1595289600000,220578968.86041912,dai
21,1595376000000,222782669.18944073,dai
22,1595462400000,224399095.17973483,dai
23,1595548800000,260784026.33687532,dai
24,1595635200000,285136546.8119523,dai
25,1595721600000,254444724.58729285,dai
26,1595808000000,276975318.1032313,dai
27,1595894400000,287337611.2356174,dai
28,1595980800000,301443469.61440885,dai
29,1596067200000,330149282.99283665,dai
30,1596153600000,347418058.4233858,dai
31,1596240000000,370563791.73043424,dai
32,1596326400000,368973993.62775385,dai
33,1596412800000,369885939.6288296,dai
34,1596499200000,385394038.34755677,dai
35,1596585600000,386659620.0389415,dai
36,1596672000000,389543205.6139353,dai
37,1596758400000,380719415.7497119,dai
38,1596844800000,384611513.89705455,dai
39,1596931200000,383999249.12323195,dai
40,1597017600000,383463405.40891385,dai
41,1597104000000,424372186.0774024,dai
42,1597190400000,428380630.16322786,dai
43,1597276800000,425553140.7532102,dai
44,1597363200000,435923683.05305076,dai
45,1597449600000,415657266.9815674,dai
46,1597536000000,415930724.58108544,dai
47,1597622400000,423689537.28378683,dai
48,1597708800000,429635612.2051514,dai
49,1597795200000,428248084.1811536,dai
50,1597881600000,422939402.7731869,dai
51,1597968000000,433406175.0136079,dai
52,1598054400000,435985038.4436561,dai
53,1598140800000,443541608.272149,dai
54,1598227200000,445425128.8674605,dai
55,1598313600000,449461905.93555105,dai
56,1598400000000,450681551.7947641,dai
57,1598486400000,453067357.68045026,dai
58,1598572800000,450446823.4645822,dai
59,1598659200000,449994717.1680161,dai
60,1598745600000,442729019.277792,dai
61,1598832000000,448769575.1624346,dai
62,1598918400000,445706299.8286813,dai
63,1599004800000,468313157.81010205,dai
64,1599091200000,493459666.4078496,dai
65,1599177600000,520082677.3568309,dai
66,1599264000000,467054804.573293,dai
67,1599350400000,442472478.61251414,dai
68,1599436800000,432144169.8408567,dai
69,1599523200000,438965908.3577825,dai
70,1599609600000,440052030.08919734,dai
71,1599696000000,438478453.44916964,dai
72,1599782400000,462422578.7820096,dai
73,1599868800000,467274663.43907475,dai
74,1599955200000,473702954.87039393,dai
75,1600041600000,473768021.19938374,dai
76,1600128000000,542737180.3875185,dai
77,1600214400000,614117909.12788,dai
78,1600300800000,576012225.2677411,dai
79,1600387200000,638473703.3314567,dai
80,1600473600000,696586953.4959334,dai
81,1600560000000,786231125.0827093,dai
82,1600646400000,807885339.8576907,dai
83,1600732800000,835983751.5603226,dai
84,1600819200000,850969076.1490853,dai
85,1600905600000,895329363.4878249,dai
86,1600992000000,905894981.8781791,dai
87,1601078400000,904955086.5061586,dai
88,1601164800000,926941251.809561,dai
89,1601251200000,926075191.7416558,dai
90,1601337600000,912251122.6089327,dai
91,1601424000000,912393640.367443,dai
92,1601510400000,905012707.0334795,dai
93,1601596800000,879787761.344599,dai
94,1601683200000,879406014.4694026,dai
95,1601769600000,873047486.7535082,dai
96,1601856000000,870811583.0038098,dai
97,1601942400000,868989851.2511597,dai
98,1602028800000,879910777.9010037,dai
99,1602115200000,874601044.6423581,dai
100,1602201600000,877710215.880657,dai
101,1602288000000,895570109.5545263,dai
102,1602374400000,902553744.5359987,dai
103,1602460800000,916255255.1130242,dai
104,1602547200000,918663867.6634195,dai
105,1602633600000,939968263.9920814,dai
106,1602720000000,919880371.3876601,dai
107,1602806400000,916510953.7979746,dai
108,1602892800000,914504041.8348694,dai
109,1602979200000,911111877.8970674,dai
110,1603065600000,912591980.1913586,dai
111,1603152000000,908877156.655067,dai
112,1603238400000,915037890.5654364,dai
113,1603324800000,925408778.0846344,dai
114,1603411200000,920335887.1722552,dai
115,1603497600000,944023837.3928032,dai
116,1603584000000,940605460.4903929,dai
117,1603670400000,941736520.207861,dai
118,1603756800000,936683109.2222742,dai
119,1603843200000,951070597.9092207,dai
120,1603929600000,949416508.7121079,dai
121,1604016000000,944896121.2424952,dai
122,1604102400000,933332296.9359943,dai
123,1604188800000,934987784.2517729,dai
124,1604275200000,945481140.4376746,dai
125,1604361600000,954232997.733601,dai
126,1604448000000,960429815.1141406,dai
127,1604534400000,950721834.24844,dai
128,1604620800000,954813315.5725954,dai
129,1604707200000,960717584.7301885,dai
130,1604793600000,961963363.5308893,dai
131,1604880000000,960402760.2197763,dai
132,1604966400000,965004126.9486557,dai
133,1605052800000,971958281.7271044,dai
134,1605139200000,1000763128.8695964,dai
135,1605225600000,997895359.091622,dai
136,1605312000000,1004871784.9811169,dai
137,1605398400000,1008866537.249156,dai
138,1605484800000,1017953548.5741978,dai
139,1605571200000,1016148604.5273948,dai
140,1605657600000,1016200632.5115343,dai
141,1605744000000,1003569676.6791698,dai
142,1605830400000,994993026.6316115,dai
143,1605916800000,1003964085.285479,dai
144,1606003200000,1021430146.6796286,dai
145,1606089600000,1019106432.2002233,dai
146,1606176000000,1021978286.7076933,dai
147,1606262400000,1040327443.7826818,dai
148,1606348800000,1046944868.512142,dai
149,1606435200000,1018550643.6897508,dai
150,1606521600000,1018400751.8648062,dai
151,1606608000000,1018766803.7597666,dai
152,1606694400000,1032744526.3143679,dai
153,1606780800000,1053153622.0227195,dai
154,1606867200000,1060561104.7505634,dai
155,1606953600000,1075054852.3861766,dai
156,1607040000000,1082410957.0213995,dai
157,1607126400000,1069432513.7875248,dai
158,1607212800000,1072362247.89212,dai
159,1607299200000,1080081106.7356343,dai
160,1607385600000,1075282316.7904372,dai
161,1607472000000,1070751653.4440418,dai
162,1607558400000,1085108811.1231315,dai
163,1607644800000,1084066685.8116498,dai
164,1607731200000,1067245733.9220265,dai
165,1607817600000,1096918108.0290563,dai
166,1607904000000,1096278223.5143414,dai
167,1607990400000,1097264907.1018353,dai
168,1608076800000,1099420117.1674755,dai
169,1608163200000,1116445402.2820058,dai
170,1608249600000,1126334598.402792,dai
171,1608336000000,1125881485.3546734,dai
172,1608422400000,1136671406.5794878,dai
173,1608508800000,1126025513.9416282,dai
174,1608595200000,1127354335.381387,dai
175,1608681600000,1124828785.5777752,dai
176,1608768000000,1122542253.0742307,dai
177,1608854400000,1118199010.362518,dai
178,1608940800000,1119210792.1688812,dai
179,1609027200000,1129131574.5315223,dai
180,1609113600000,1108801924.5256228,dai
181,1609200000000,1133629308.0165641,dai
182,1609286400000,1139324984.3709025,dai
183,1609372800000,1157751638.1308608,dai
184,1609459200000,1168798536.5406322,dai
185,1609545600000,1206386946.2493763,dai
186,1609632000000,1184381402.4462416,dai
187,1609718400000,1237248731.1389573,dai
188,1609804800000,1313564234.1199017,dai
189,1609891200000,1320464127.7618506,dai
190,1609977600000,1313903813.9073925,dai
191,1610064000000,1363763940.3273082,dai
192,1610150400000,1391136962.125567,dai
193,1610236800000,1414793449.8798046,dai
194,1610323200000,1430017174.2164283,dai
195,1610409600000,1373642115.9899511,dai
196,1610496000000,1368345716.8125982,dai
197,1610582400000,1368857291.7400699,dai
198,1610668800000,1408197771.977925,dai
199,1610755200000,1291623496.700608,dai
200,1610841600000,1369636167.329546,dai
201,1610928000000,1383583488.1917531,dai
202,1611014400000,1404435449.1387813,dai
203,1611100800000,1403869964.0200882,dai
204,1611187200000,1408636838.9684446,dai
205,1611273600000,1412074525.330066,dai
206,1611360000000,1443167176.2106109,dai
207,1611446400000,1462161633.9612231,dai
208,1611532800000,1532763463.0959406,dai
209,1611619200000,1575230489.2568867,dai
210,1611705600000,1594043515.9627213,dai
211,1611792000000,1605464379.911655,dai
212,1611878400000,1617008898.2331533,dai
213,1611964800000,1626810492.7628188,dai
214,1612051200000,1647927265.5241134,dai
215,1612137600000,1645893458.439279,dai
216,1612224000000,1655223135.5355713,dai
217,1612310400000,1706483386.8692706,dai
218,1612396800000,1735622926.5283597,dai
219,1612483200000,1769120896.8329096,dai
220,1612569600000,1818259930.3576982,dai
221,1612656000000,1826607594.8766415,dai
222,1612742400000,1801487094.480973,dai
223,1612828800000,1891195984.4854016,dai
224,1612915200000,1951419253.1589255,dai
225,1613001600000,1965541573.2571678,dai
226,1613088000000,2030169942.482363,dai
227,1613174400000,2047789093.00044,dai
228,1613260800000,2070809897.8159218,dai
229,1613347200000,2069338903.3222923,dai
230,1613433600000,2118562315.6913154,dai
231,1613520000000,2196279671.673397,dai
232,1613606400000,2254469387.3938646,dai
233,1613692800000,2300764014.3928356,dai
234,1613779200000,2323494929.390367,dai
235,1613865600000,2357690695.9594536,dai
236,1613952000000,2384083961.8497944,dai
237,1614038400000,2368499489.7857904,dai
238,1614124800000,2303952211.1474156,dai
239,1614211200000,2324728000.0570025,dai
240,1614297600000,2334553910.180523,dai
241,1614384000000,2314997564.804288,dai
242,1614470400000,2322934279.657661,dai
243,1614556800000,2355458416.677756,dai
244,1614643200000,2462539958.9036746,dai
245,1614729600000,2526670519.521475,dai
246,1614816000000,2529513594.224999,dai
247,1614902400000,2560638679.8028045,dai
248,1614988800000,2550377194.422577,dai
249,1615075200000,2582625204.3606725,dai
250,1615161600000,2551483989.798403,dai
251,1615248000000,2571575541.3510776,dai
252,1615334400000,2634061160.4266415,dai
253,1615420800000,2626611377.0025797,dai
254,1615507200000,2664592770.1892943,dai
255,1615593600000,2717830654.9679265,dai
256,1615680000000,2746532427.275141,dai
257,1615766400000,2760920084.2575665,dai
258,1615852800000,2777224738.7077665,dai
259,1615939200000,2806863351.5459185,dai
260,1616025600000,2855121285.846071,dai
261,1616112000000,2873992089.481971,dai
262,1616198400000,2871152682.2494726,dai
263,1616284800000,2872010682.937947,dai
264,1616371200000,2893058264.840494,dai
265,1616457600000,2920382549.910402,dai
266,1616544000000,2916556409.5412683,dai
267,1616630400000,2915360929.25262,dai
268,1616716800000,2922014257.53415,dai
269,1616803200000,2959347420.7035613,dai
270,1616889600000,2976048951.5623884,dai
271,1616976000000,2993764421.6913834,dai
272,1617062400000,2987650644.8287573,dai
273,1617148800000,3014474385.598162,dai
274,1617235200000,3011705401.798063,dai
275,1617321600000,2962556909.510822,dai
276,1617408000000,3034608560.982798,dai
277,1617494400000,3060622618.296052,dai
278,1617580800000,3063684863.858365,dai
279,1617667200000,3050018661.010645,dai
280,1617753600000,3063203543.93243,dai
281,1617840000000,3053418874.345742,dai
282,1617926400000,3042130828.5121064,dai
283,1618012800000,3046156927.333914,dai
284,1618099200000,3113531052.3369594,dai
285,1618185600000,3144341189.9261017,dai
286,1618272000000,3129418363.18023,dai
287,1618358400000,3168233746.461829,dai
288,1618444800000,3147936581.1832685,dai
289,1618531200000,3197460209.24621,dai
290,1618617600000,3322633590.7048426,dai
291,1618704000000,3438662610.4774556,dai
292,1618790400000,3438712732.449825,dai
293,1618876800000,3426128926.7263904,dai
294,1618963200000,3441227995.251975,dai
295,1619049600000,3434759751.830676,dai
296,1619136000000,3453534580.178342,dai
297,1619222400000,3431371781.825072,dai
298,1619308800000,3444318493.603753,dai
299,1619395200000,3466755750.243453,dai
300,1619481600000,3484884716.6275187,dai
301,1619568000000,3551580225.0071015,dai
302,1619654400000,3570467055.9929876,dai
303,1619740800000,3669075252.2897086,dai
304,1619827200000,3657625959.971208,dai
305,1619913600000,3730505347.695495,dai
306,1620000000000,3781646319.246838,dai
307,1620086400000,3894578565.889449,dai
308,1620172800000,3966445919.596665,dai
309,1620259200000,4094761049.2929587,dai
310,1620345600000,4290581873.7054787,dai
311,1620432000000,4370206603.868354,dai
312,1620518400000,4408086615.273289,dai
313,1620604800000,4499430226.30469,dai
314,1620691200000,4595900937.341585,dai
315,1620777600000,4591918689.760883,dai
316,1620864000000,4639035871.100745,dai
317,1620950400000,4505297648.155468,dai
318,1621036800000,4597620286.449364,dai
319,1621123200000,4620179232.772255,dai
320,1621209600000,4686832890.273312,dai
321,1621296000000,4729591696.024199,dai
322,1621382400000,4788633354.740325,dai
323,1621468800000,4376926441.554342,dai
324,1621555200000,4251440222.394668,dai
325,1621641600000,4243099943.3796773,dai
326,1621728000000,4234575002.529474,dai
327,1621814400000,4050740820.6075115,dai
328,1621900800000,4214647418.360157,dai
329,1621987200000,4267899673.3171625,dai
330,1622073600000,4373029465.605895,dai
331,1622160000000,4392591424.978427,dai
332,1622246400000,4436860849.206099,dai
333,1622332800000,4495174823.405457,dai
334,1622419200000,4433116486.119908,dai
335,1622505600000,4440488145.289086,dai
336,1622592000000,4415086387.132368,dai
337,1622678400000,4418979016.121122,dai
338,1622764800000,4500086693.046823,dai
339,1622851200000,4546525577.361327,dai
340,1622937600000,4556323041.059765,dai
341,1623024000000,4583005061.065988,dai
342,1623110400000,4654351280.833081,dai
343,1623196800000,4658695715.7197695,dai
344,1623283200000,4878864603.371342,dai
345,1623369600000,4880508755.621661,dai
346,1623456000000,4994166239.422551,dai
347,1623542400000,4977173325.7074795,dai
348,1623628800000,4994736662.232169,dai
349,1623715200000,5026214219.551476,dai
350,1623801600000,5126674470.212219,dai
351,1623888000000,5103813206.904901,dai
352,1623974400000,4988287530.941123,dai
353,1624060800000,5021340302.312529,dai
354,1624147200000,5035611924.716657,dai
355,1624233600000,4977973655.001879,dai
356,1624320000000,4846303261.8645115,dai
357,1624406400000,4837537937.510912,dai
358,1624492800000,4903482771.376966,dai
359,1624579200000,4926705724.274804,dai
360,1624665600000,4889650672.3515835,dai
361,1624752000000,4921970207.584548,dai
362,1624838400000,4949183242.870895,dai
363,1624924800000,4956971357.661382,dai
364,1625011200000,4960778697.887193,dai
0,1601596800000,0.0,terrausd
1,1601683200000,0.0,terrausd
2,1601769600000,0.0,terrausd
3,1601856000000,0.0,terrausd
4,1601942400000,0.0,terrausd
5,1602028800000,0.0,terrausd
6,1602115200000,0.0,terrausd
7,1602201600000,0.0,terrausd
8,1602288000000,0.0,terrausd
9,1602374400000,0.0,terrausd
10,1602460800000,0.0,terrausd
11,1602547200000,0.0,terrausd
12,1602633600000,0.0,terrausd
13,1602720000000,0.0,terrausd
14,1602806400000,0.0,terrausd
15,1602892800000,0.0,terrausd
16,1602979200000,0.0,terrausd
17,1603065600000,0.0,terrausd
18,1603152000000,0.0,terrausd
19,1603238400000,0.0,terrausd
20,1603324800000,0.0,terrausd
21,1603411200000,0.0,terrausd
22,1603497600000,0.0,terrausd
23,1603584000000,0.0,terrausd
24,1603670400000,0.0,terrausd
25,1603756800000,0.0,terrausd
26,1603843200000,0.0,terrausd
27,1603929600000,0.0,terrausd
28,1604016000000,0.0,terrausd
29,1604102400000,0.0,terrausd
30,1604188800000,0.0,terrausd
31,1604275200000,0.0,terrausd
32,1604361600000,0.0,terrausd
33,1604448000000,0.0,terrausd
34,1604534400000,0.0,terrausd
35,1604620800000,0.0,terrausd
36,1604707200000,0.0,terrausd
37,1604793600000,0.0,terrausd
38,1604880000000,0.0,terrausd
39,1604966400000,0.0,terrausd
40,1605052800000,0.0,terrausd
41,1605139200000,0.0,terrausd
42,1605225600000,0.0,terrausd
43,1605312000000,0.0,terrausd
44,1605398400000,0.0,terrausd
45,1605484800000,0.0,terrausd
46,1605571200000,0.0,terrausd
47,1605657600000,0.0,terrausd
48,1605744000000,0.0,terrausd
49,1605830400000,0.0,terrausd
50,1605916800000,0.0,terrausd
51,1606003200000,0.0,terrausd
52,1606089600000,0.0,terrausd
53,1606176000000,0.0,terrausd
54,1606262400000,0.0,terrausd
55,1606348800000,13242136.97322086,terrausd
56,1606435200000,15615875.450510066,terrausd
57,1606521600000,17429851.80055718,terrausd
58,1606608000000,17361104.309230927,terrausd
59,1606694400000,17380031.013081208,terrausd
60,1606780800000,17438014.658578906,terrausd
61,1606867200000,17591933.64819767,terrausd
62,1606953600000,23577080.681236643,terrausd
63,1607040000000,101039878.17259073,terrausd
64,1607126400000,104252289.95108606,terrausd
65,1607212800000,107833483.86118312,terrausd
66,1607299200000,111579186.6581186,terrausd
67,1607385600000,118292291.48776764,terrausd
68,1607472000000,125312764.1455783,terrausd
69,1607558400000,124170953.87325205,terrausd
70,1607644800000,130420098.30392976,terrausd
71,1607731200000,143014466.5981129,terrausd
72,1607817600000,143343275.98570555,terrausd
73,1607904000000,142780511.84238604,terrausd
74,1607990400000,144128190.4063731,terrausd
75,1608076800000,143040622.6267041,terrausd
76,1608163200000,147470739.55742067,terrausd
77,1608249600000,148668215.98190826,terrausd
78,1608336000000,151358105.57348692,terrausd
79,1608422400000,150103233.93515253,terrausd
80,1608508800000,150028628.70895362,terrausd
81,1608595200000,153241994.12258014,terrausd
82,1608681600000,153266407.6956432,terrausd
83,1608768000000,157942086.09512103,terrausd
84,1608854400000,163744863.07456258,terrausd
85,1608940800000,167668179.25666434,terrausd
86,1609027200000,163180749.7288824,terrausd
87,1609113600000,163775222.60236382,terrausd
88,1609200000000,167355203.2252124,terrausd
89,1609286400000,174392497.0791527,terrausd
90,1609372800000,182459746.6672349,terrausd
91,1609459200000,180996653.06431344,terrausd
92,1609545600000,182695620.40164575,terrausd
93,1609632000000,182264240.4372231,terrausd
94,1609718400000,182908574.12520623,terrausd
95,1609804800000,182776687.42729542,terrausd
96,1609891200000,186343478.79834616,terrausd
97,1609977600000,188718319.31735367,terrausd
98,1610064000000,184737917.92197707,terrausd
99,1610150400000,187409432.87561995,terrausd
100,1610236800000,184841885.57720774,terrausd
101,1610323200000,186328684.8729249,terrausd
102,1610409600000,187675578.8796392,terrausd
103,1610496000000,195438405.00982213,terrausd
104,1610582400000,191936818.23209703,terrausd
105,1610668800000,196616421.95665798,terrausd
106,1610755200000,195927504.6489665,terrausd
107,1610841600000,195924960.95019206,terrausd
108,1610928000000,189913267.4742558,terrausd
109,1611014400000,196732008.32559115,terrausd
110,1611100800000,194769589.52360147,terrausd
111,1611187200000,200790260.648843,terrausd
112,1611273600000,205668542.17555267,terrausd
113,1611360000000,214725090.56969172,terrausd
114,1611446400000,224052092.07176998,terrausd
115,1611532800000,223650264.22845036,terrausd
116,1611619200000,247574810.68859997,terrausd
117,1611705600000,252884503.8073285,terrausd
118,1611792000000,257329635.9134274,terrausd
119,1611878400000,262359412.01548344,terrausd
120,1611964800000,266350104.05521253,terrausd
121,1612051200000,268897724.44967836,terrausd
122,1612137600000,271155215.634817,terrausd
123,1612224000000,267992239.6573226,terrausd
124,1612310400000,268915556.92887783,terrausd
125,1612396800000,263074628.15585455,terrausd
126,1612483200000,259223161.23647636,terrausd
127,1612569600000,263390001.3388629,terrausd
128,1612656000000,260286059.32484642,terrausd
129,1612742400000,265615500.7003446,terrausd
130,1612828800000,273647825.97216153,terrausd
131,1612915200000,289765659.7391986,terrausd
132,1613001600000,306966763.43306357,terrausd
133,1613088000000,331462870.8974912,terrausd
134,1613174400000,365122479.8682848,terrausd
135,1613260800000,396505375.0777917,terrausd
136,1613347200000,422549668.5102651,terrausd
137,1613433600000,438016348.888616,terrausd
138,1613520000000,461443490.5075932,terrausd
139,1613606400000,484715025.97421706,terrausd
140,1613692800000,501750520.4494404,terrausd
141,1613779200000,521546592.4319556,terrausd
142,1613865600000,538886197.6212016,terrausd
143,1613952000000,560260122.31005,terrausd
144,1614038400000,586177310.8680123,terrausd
145,1614124800000,591479770.1906992,terrausd
146,1614211200000,609048879.2648288,terrausd
147,1614297600000,628633240.8787793,terrausd
148,1614384000000,656411129.5629932,terrausd
149,1614470400000,674569399.9735565,terrausd
150,1614556800000,692211929.4620826,terrausd
151,1614643200000,707076386.7935135,terrausd
152,1614729600000,719032690.7010751,terrausd
153,1614816000000,725186555.2278433,terrausd
154,1614902400000,748242160.1630607,terrausd
155,1614988800000,766350468.8413402,terrausd
156,1615075200000,774838573.474066,terrausd
157,1615161600000,786020202.253029,terrausd
158,1615248000000,805533802.8122618,terrausd
159,1615334400000,832898278.9219853,terrausd
160,1615420800000,866999030.7469753,terrausd
161,1615507200000,904563978.7686275,terrausd
162,1615593600000,961849044.2990279,terrausd
163,1615680000000,1006013913.6777877,terrausd
164,1615766400000,1026406078.151378,terrausd
165,1615852800000,1065669555.7408179,terrausd
166,1615939200000,1136234636.9097028,terrausd
167,1616025600000,1189864975.526729,terrausd
168,1616112000000,1246903328.7162304,terrausd
169,1616198400000,1284421583.8244777,terrausd
170,1616284800000,1303211668.2062619,terrausd
171,1616371200000,1335453603.0558825,terrausd
172,1616457600000,1368166973.950042,terrausd
173,1616544000000,1397152653.3132808,terrausd
174,1616630400000,1423201063.9326618,terrausd
175,1616716800000,1438220373.214821,terrausd
176,1616803200000,1486848213.0369298,terrausd
177,1616889600000,1512990094.512172,terrausd
178,1616976000000,1582514891.7366517,terrausd
179,1617062400000,1578659512.7433555,terrausd
180,1617148800000,1599916247.1151218,terrausd
181,1617235200000,1621615752.3003802,terrausd
182,1617321600000,1648440935.8419023,terrausd
183,1617408000000,1667896334.8550436,terrausd
184,1617494400000,1672554747.775079,terrausd
185,1617580800000,1682924321.966306,terrausd
186,1617667200000,1688553144.3843677,terrausd
187,1617753600000,1706524797.711688,terrausd
188,1617840000000,1706888332.587069,terrausd
189,1617926400000,1733893093.9347548,terrausd
190,1618012800000,1742430630.0619776,terrausd
191,1618099200000,1759890255.139928,terrausd
192,1618185600000,1749622790.5247145,terrausd
193,1618272000000,1755775137.5095448,terrausd
194,1618358400000,1781026833.6388853,terrausd
195,1618444800000,1776099438.2789168,terrausd
196,1618531200000,1782877757.2743053,terrausd
197,1618617600000,1818748632.539731,terrausd
198,1618704000000,1788020223.466444,terrausd
199,1618790400000,1809085957.466611,terrausd
200,1618876800000,1810300748.517923,terrausd
201,1618963200000,1832654233.9179153,terrausd
202,1619049600000,1846520540.3015401,terrausd
203,1619136000000,1869361952.5231216,terrausd
204,1619222400000,1878694162.5031428,terrausd
205,1619308800000,1850753698.8411524,terrausd
206,1619395200000,1876765684.5001824,terrausd
207,1619481600000,1888102953.88826,terrausd
208,1619568000000,1925324170.885994,terrausd
209,1619654400000,1937346783.5145152,terrausd
210,1619740800000,1990811954.182599,terrausd
211,1619827200000,2000446047.312245,terrausd
212,1619913600000,1983076788.336593,terrausd
213,1620000000000,1963935354.0374455,terrausd
214,1620086400000,1992533309.4942698,terrausd
215,1620172800000,1979856496.5434928,terrausd
216,1620259200000,2010279975.259023,terrausd
217,1620345600000,2026281048.1093383,terrausd
218,1620432000000,2045481813.7475061,terrausd
219,1620518400000,2039881802.6188552,terrausd
220,1620604800000,2064582683.9031334,terrausd
221,1620691200000,2059129166.3812675,terrausd
222,1620777600000,2069932398.5823472,terrausd
223,1620864000000,2106678399.0879111,terrausd
224,1620950400000,2095362683.7291732,terrausd
225,1621036800000,2103571316.5698538,terrausd
226,1621123200000,2071971554.139456,terrausd
227,1621209600000,2092306172.4000733,terrausd
228,1621296000000,2100838021.3908677,terrausd
229,1621382400000,2101187789.0118551,terrausd
230,1621468800000,2083366101.7783937,terrausd
231,1621555200000,2075509536.069178,terrausd
232,1621641600000,2038906735.4272878,terrausd
233,1621728000000,2054588720.9289715,terrausd
234,1621814400000,1977566229.2865,terrausd
235,1621900800000,1956466938.0267136,terrausd
236,1621987200000,1972245124.8847601,terrausd
237,1622073600000,1987543577.9722102,terrausd
238,1622160000000,1959358866.0561867,terrausd
239,1622246400000,1973782017.3035731,terrausd
240,1622332800000,1971208637.6313732,terrausd
241,1622419200000,1946225595.9505541,terrausd
242,1622505600000,1955588033.9018178,terrausd
243,1622592000000,1953179251.2542348,terrausd
244,1622678400000,1940930267.6310935,terrausd
245,1622764800000,1945661912.4693327,terrausd
246,1622851200000,1927879787.140043,terrausd
247,1622937600000,1926330756.1184528,terrausd
248,1623024000000,1917365116.601098,terrausd
249,1623110400000,1900296376.8143487,terrausd
250,1623196800000,1914174197.7585056,terrausd
251,1623283200000,1924208253.5232253,terrausd
252,1623369600000,1902551016.8717644,terrausd
253,1623456000000,1893962342.0718734,terrausd
254,1623542400000,1908764285.5695724,terrausd
255,1623628800000,1907257652.88024,terrausd
256,1623715200000,1911996616.005479,terrausd
257,1623801600000,1911393730.3682625,terrausd
258,1623888000000,1903095521.5016391,terrausd
259,1623974400000,1905173470.320112,terrausd
260,1624060800000,1912009293.0093267,terrausd
261,1624147200000,1919250506.2826102,terrausd
262,1624233600000,1915273312.3642201,terrausd
263,1624320000000,1912755097.2098775,terrausd
264,1624406400000,1910436240.0698469,terrausd
265,1624492800000,1913916841.1342716,terrausd
266,1624579200000,1910054196.2615814,terrausd
267,1624665600000,1921153240.7033613,terrausd
268,1624752000000,1912205211.2122307,terrausd
269,1624838400000,1918039600.220625,terrausd
270,1624924800000,1915705544.3091612,terrausd
271,1625011200000,1909731950.6598358,terrausd
